topic,wine_id
Topic 0,110294
Topic 0,29652
Topic 0,21425
Topic 0,37863
Topic 0,5141
Topic 0,48437
Topic 0,75912
Topic 0,7147
Topic 0,75343
Topic 0,32566
Topic 0,12088
Topic 0,39902
Topic 0,31781
Topic 0,12061
Topic 0,43744
Topic 0,136994
Topic 0,22909
Topic 0,38427
Topic 0,112019
Topic 0,26447
Topic 0,71127
Topic 0,3729
Topic 0,6870
Topic 0,67165
Topic 0,81284
Topic 1,43947
Topic 1,82035
Topic 1,66276
Topic 1,62611
Topic 1,57663
Topic 1,25070
Topic 1,7154
Topic 1,1638
Topic 1,33401
Topic 1,102462
Topic 1,35185
Topic 1,11470
Topic 1,14522
Topic 1,34566
Topic 1,7699
Topic 1,2710
Topic 1,148858
Topic 1,28469
Topic 1,46345
Topic 1,86007
Topic 1,6869
Topic 1,22580
Topic 1,47922
Topic 1,47610
Topic 1,31935
Topic 2,3427
Topic 2,512
Topic 2,60857
Topic 2,77105
Topic 2,20047
Topic 2,2247
Topic 2,80619
Topic 2,1026
Topic 2,59655
Topic 2,45454
Topic 2,202
Topic 2,24451
Topic 2,1241
Topic 2,8091
Topic 2,21143
Topic 2,39951
Topic 2,22716
Topic 2,43217
Topic 2,3236
Topic 2,62169
Topic 2,13164
Topic 2,118776
Topic 2,54644
Topic 2,10806
Topic 2,1636
Topic 3,144597
Topic 3,18539
Topic 3,65028
Topic 3,47102
Topic 3,95256
Topic 3,47027
Topic 3,80228
Topic 3,18464
Topic 3,54777
Topic 3,84763
Topic 3,144862
Topic 3,98151
Topic 3,46814
Topic 3,26102
Topic 3,63559
Topic 3,117683
Topic 3,63384
Topic 3,102262
Topic 3,148020
Topic 3,42362
Topic 3,26513
Topic 3,56601
Topic 3,53882
Topic 3,63463
Topic 3,47112
Topic 4,10640
Topic 4,33682
Topic 4,26447
Topic 4,97495
Topic 4,9987
Topic 4,25409
Topic 4,83248
Topic 4,108255
Topic 4,27937
Topic 4,27445
Topic 4,6862
Topic 4,109678
Topic 4,81194
Topic 4,9976
Topic 4,45269
Topic 4,50425
Topic 4,73589
Topic 4,105196
Topic 4,30570
Topic 4,81504
Topic 4,4700
Topic 4,45032
Topic 4,13683
Topic 4,56154
Topic 4,116119
Topic 5,144597
Topic 5,45892
Topic 5,18607
Topic 5,17265
Topic 5,45181
Topic 5,103117
Topic 5,23487
Topic 5,112046
Topic 5,41600
Topic 5,53023
Topic 5,67165
Topic 5,85698
Topic 5,30264
Topic 5,8967
Topic 5,23413
Topic 5,41920
Topic 5,77703
Topic 5,110603
Topic 5,113783
Topic 5,484
Topic 5,26213
Topic 5,8377
Topic 5,76214
Topic 5,21311
Topic 5,8394
Topic 6,33034
Topic 6,21871
Topic 6,46510
Topic 6,36008
Topic 6,126260
Topic 6,20634
Topic 6,44251
Topic 6,46816
Topic 6,63485
Topic 6,46900
Topic 6,50560
Topic 6,65313
Topic 6,41775
Topic 6,19062
Topic 6,19317
Topic 6,80898
Topic 6,70934
Topic 6,37340
Topic 6,135138
Topic 6,106404
Topic 6,136133
Topic 6,7885
Topic 6,38938
Topic 6,81065
Topic 6,23511
Topic 7,11553
Topic 7,56221
Topic 7,46184
Topic 7,246
Topic 7,63564
Topic 7,92675
Topic 7,18528
Topic 7,31545
Topic 7,21367
Topic 7,142838
Topic 7,148577
Topic 7,20252
Topic 7,125036
Topic 7,35005
Topic 7,41158
Topic 7,44935
Topic 7,119006
Topic 7,117724
Topic 7,84838
Topic 7,43124
Topic 7,50425
Topic 7,62907
Topic 7,20767
Topic 7,66622
Topic 7,93591
Topic 8,16716
Topic 8,98373
Topic 8,142372
Topic 8,1833
Topic 8,49064
Topic 8,83935
Topic 8,19785
Topic 8,37235
Topic 8,143405
Topic 8,11553
Topic 8,95795
Topic 8,44275
Topic 8,21077
Topic 8,141697
Topic 8,26441
Topic 8,56723
Topic 8,132046
Topic 8,107969
Topic 8,108255
Topic 8,42170
Topic 8,9130
Topic 8,76002
Topic 8,94956
Topic 8,90862
Topic 8,12970
Topic 9,144862
Topic 9,53003
Topic 9,141753
Topic 9,13951
Topic 9,82102
Topic 9,53582
Topic 9,82700
Topic 9,32876
Topic 9,116477
Topic 9,46524
Topic 9,26387
Topic 9,41786
Topic 9,22714
Topic 9,53684
Topic 9,144846
Topic 9,49873
Topic 9,108842
Topic 9,67950
Topic 9,97840
Topic 9,14526
Topic 9,45296
Topic 9,53937
Topic 9,62903
Topic 9,132259
Topic 9,14566
Topic 10,33036
Topic 10,38737
Topic 10,14532
Topic 10,33742
Topic 10,3624
Topic 10,6213
Topic 10,27409
Topic 10,97834
Topic 10,8513
Topic 10,17871
Topic 10,94487
Topic 10,15394
Topic 10,60941
Topic 10,27718
Topic 10,37785
Topic 10,102839
Topic 10,11722
Topic 10,52942
Topic 10,74163
Topic 10,138
Topic 10,32847
Topic 10,54307
Topic 10,38920
Topic 10,72116
Topic 10,146294
Topic 11,42466
Topic 11,52254
Topic 11,31537
Topic 11,39592
Topic 11,10504
Topic 11,13670
Topic 11,62344
Topic 11,20616
Topic 11,101986
Topic 11,87145
Topic 11,93137
Topic 11,1775
Topic 11,41568
Topic 11,53015
Topic 11,96274
Topic 11,45730
Topic 11,54058
Topic 11,47102
Topic 11,36027
Topic 11,55004
Topic 11,2343
Topic 11,16577
Topic 11,2691
Topic 11,72588
Topic 11,29321
Topic 12,16716
Topic 12,45551
Topic 12,48005
Topic 12,45454
Topic 12,87265
Topic 12,39958
Topic 12,22584
Topic 12,85665
Topic 12,30229
Topic 12,43143
Topic 12,144843
Topic 12,25460
Topic 12,65170
Topic 12,86604
Topic 12,74507
Topic 12,85190
Topic 12,10173
Topic 12,30468
Topic 12,38474
Topic 12,77413
Topic 12,5815
Topic 12,60799
Topic 12,21859
Topic 12,48602
Topic 12,83242
Topic 13,34434
Topic 13,10210
Topic 13,5970
Topic 13,33371
Topic 13,29399
Topic 13,97189
Topic 13,41940
Topic 13,27776
Topic 13,7889
Topic 13,3927
Topic 13,45480
Topic 13,101160
Topic 13,2720
Topic 13,109669
Topic 13,13909
Topic 13,10438
Topic 13,9552
Topic 13,7280
Topic 13,3505
Topic 13,58128
Topic 13,114642
Topic 13,66235
Topic 13,42321
Topic 13,3652
Topic 13,97449
Topic 14,55543
Topic 14,54938
Topic 14,29555
Topic 14,77121
Topic 14,67340
Topic 14,143717
Topic 14,39954
Topic 14,75912
Topic 14,21124
Topic 14,21266
Topic 14,59782
Topic 14,34960
Topic 14,96932
Topic 14,12075
Topic 14,47264
Topic 14,145195
Topic 14,104294
Topic 14,88456
Topic 14,36995
Topic 14,76524
Topic 14,9283
Topic 14,41141
Topic 14,50425
Topic 14,21329
Topic 14,83166
Topic 15,87863
Topic 15,85639
Topic 15,101555
Topic 15,74507
Topic 15,18611
Topic 15,107963
Topic 15,65313
Topic 15,16716
Topic 15,69090
Topic 15,73427
Topic 15,64539
Topic 15,16521
Topic 15,14406
Topic 15,10478
Topic 15,19552
Topic 15,31844
Topic 15,47061
Topic 15,92883
Topic 15,12929
Topic 15,4579
Topic 15,39475
Topic 15,65035
Topic 15,57096
Topic 15,44225
Topic 15,55670
Topic 16,13338
Topic 16,112980
Topic 16,108054
Topic 16,45276
Topic 16,21294
Topic 16,14765
Topic 16,5598
Topic 16,23519
Topic 16,17525
Topic 16,97308
Topic 16,44024
Topic 16,141819
Topic 16,118334
Topic 16,20936
Topic 16,87196
Topic 16,147944
Topic 16,85181
Topic 16,47174
Topic 16,79888
Topic 16,35258
Topic 16,65366
Topic 16,61479
Topic 16,39299
Topic 16,113876
Topic 16,131757
Topic 17,40696
Topic 17,21209
Topic 17,108054
Topic 17,45229
Topic 17,21313
Topic 17,41585
Topic 17,47601
Topic 17,76521
Topic 17,55257
Topic 17,21244
Topic 17,61625
Topic 17,16323
Topic 17,21269
Topic 17,103953
Topic 17,62645
Topic 17,110603
Topic 17,143280
Topic 17,4449
Topic 17,52142
Topic 17,22940
Topic 17,54952
Topic 17,101344
Topic 17,20894
Topic 17,60272
Topic 17,55251
Topic 18,34486
Topic 18,53879
Topic 18,79392
Topic 18,45897
Topic 18,96955
Topic 18,98089
Topic 18,36141
Topic 18,50563
Topic 18,41989
Topic 18,13701
Topic 18,130736
Topic 18,20801
Topic 18,89602
Topic 18,79884
Topic 18,5623
Topic 18,32244
Topic 18,35348
Topic 18,13377
Topic 18,105790
Topic 18,83033
Topic 18,114088
Topic 18,27249
Topic 18,23175
Topic 18,39050
Topic 18,45095
Topic 19,21001
Topic 19,21245
Topic 19,21328
Topic 19,56702
Topic 19,55542
Topic 19,14303
Topic 19,60857
Topic 19,77708
Topic 19,55802
Topic 19,56703
Topic 19,55543
Topic 19,21143
Topic 19,76827
Topic 19,109080
Topic 19,76804
Topic 19,56720
Topic 19,75712
Topic 19,55257
Topic 19,55553
Topic 19,77112
Topic 19,21070
Topic 19,141764
Topic 19,21014
Topic 19,55806
Topic 19,42522
Topic 20,87419
Topic 20,26977
Topic 20,25571
Topic 20,12406
Topic 20,63119
Topic 20,56514
Topic 20,10231
Topic 20,142573
Topic 20,67165
Topic 20,26616
Topic 20,88953
Topic 20,90591
Topic 20,4855
Topic 20,18951
Topic 20,34475
Topic 20,66633
Topic 20,96205
Topic 20,78591
Topic 20,22965
Topic 20,108648
Topic 20,33647
Topic 20,113260
Topic 20,29257
Topic 20,70196
Topic 20,41046
Topic 21,97860
Topic 21,16906
Topic 21,142340
Topic 21,99644
Topic 21,64369
Topic 21,88696
Topic 21,10001
Topic 21,126418
Topic 21,22984
Topic 21,15649
Topic 21,65564
Topic 21,41567
Topic 21,43713
Topic 21,76216
Topic 21,39027
Topic 21,93987
Topic 21,50733
Topic 21,20353
Topic 21,142604
Topic 21,62931
Topic 21,52385
Topic 21,116396
Topic 21,79362
Topic 21,142665
Topic 21,143759
Topic 22,69409
Topic 22,97495
Topic 22,10149
Topic 22,145417
Topic 22,88694
Topic 22,14359
Topic 22,60962
Topic 22,110197
Topic 22,31200
Topic 22,7219
Topic 22,88389
Topic 22,85429
Topic 22,31396
Topic 22,9083
Topic 22,9976
Topic 22,68809
Topic 22,49611
Topic 22,47223
Topic 22,26512
Topic 22,67967
Topic 22,20457
Topic 22,137568
Topic 22,27938
Topic 22,107942
Topic 22,75355
Topic 23,69409
Topic 23,21246
Topic 23,97860
Topic 23,21269
Topic 23,21085
Topic 23,21313
Topic 23,13445
Topic 23,21209
Topic 23,21309
Topic 23,94590
Topic 23,21144
Topic 23,16117
Topic 23,68187
Topic 23,13371
Topic 23,7863
Topic 23,77127
Topic 23,96352
Topic 23,79725
Topic 23,32764
Topic 23,78513
Topic 23,47223
Topic 23,41937
Topic 23,23358
Topic 23,44301
Topic 23,14315
Topic 24,55240
Topic 24,34423
Topic 24,68936
Topic 24,119899
Topic 24,56704
Topic 24,26211
Topic 24,144019
Topic 24,69795
Topic 24,97484
Topic 24,80907
Topic 24,107960
Topic 24,30074
Topic 24,21879
Topic 24,57180
Topic 24,142539
Topic 24,44027
Topic 24,94093
Topic 24,14559
Topic 24,43627
Topic 24,139839
Topic 24,48943
Topic 24,95571
Topic 24,126999
Topic 24,88486
Topic 24,35588
Topic 25,56091
Topic 25,141739
Topic 25,59791
Topic 25,21373
Topic 25,38785
Topic 25,48390
Topic 25,50268
Topic 25,60488
Topic 25,12922
Topic 25,21196
Topic 25,32730
Topic 25,69402
Topic 25,55542
Topic 25,98383
Topic 25,64834
Topic 25,97555
Topic 25,133791
Topic 25,9420
Topic 25,14520
Topic 25,68550
Topic 25,42522
Topic 25,70746
Topic 25,104642
Topic 25,75795
Topic 25,93815
Topic 26,110894
Topic 26,44027
Topic 26,76224
Topic 26,75693
Topic 26,21268
Topic 26,75221
Topic 26,41919
Topic 26,21317
Topic 26,109996
Topic 26,55810
Topic 26,76012
Topic 26,55535
Topic 26,42532
Topic 26,28951
Topic 26,55812
Topic 26,142118
Topic 26,75393
Topic 26,116396
Topic 26,77120
Topic 26,41337
Topic 26,75990
Topic 26,21082
Topic 26,21379
Topic 26,77714
Topic 26,21376
Topic 27,11253
Topic 27,104663
Topic 27,13763
Topic 27,37587
Topic 27,78988
Topic 27,29690
Topic 27,107942
Topic 27,40422
Topic 27,18270
Topic 27,72056
Topic 27,40180
Topic 27,10648
Topic 27,101272
Topic 27,8411
Topic 27,84896
Topic 27,63520
Topic 27,144362
Topic 27,147415
Topic 27,96638
Topic 27,75907
Topic 27,53439
Topic 27,20034
Topic 27,58712
Topic 27,46089
Topic 27,28930
Topic 28,112484
Topic 28,40765
Topic 28,44613
Topic 28,42782
Topic 28,111066
Topic 28,87124
Topic 28,136716
Topic 28,63784
Topic 28,143426
Topic 28,66145
Topic 28,14565
Topic 28,111
Topic 28,28285
Topic 28,142877
Topic 28,1996
Topic 28,112499
Topic 28,149275
Topic 28,149197
Topic 28,117549
Topic 28,21063
Topic 28,143280
Topic 28,74918
Topic 28,9995
Topic 28,80685
Topic 28,16738
Topic 29,80589
Topic 29,18607
Topic 29,118693
Topic 29,51972
Topic 29,41566
Topic 29,8467
Topic 29,77392
Topic 29,44401
Topic 29,19291
Topic 29,41568
Topic 29,134825
Topic 29,21539
Topic 29,10212
Topic 29,9411
Topic 29,43361
Topic 29,79049
Topic 29,55654
Topic 29,34398
Topic 29,26498
Topic 29,47486
Topic 29,108050
Topic 29,108665
Topic 29,39182
Topic 29,23594
Topic 29,92699
Topic 30,42839
Topic 30,21310
Topic 30,61579
Topic 30,21082
Topic 30,65578
Topic 30,56722
Topic 30,52673
Topic 30,77935
Topic 30,76002
Topic 30,56395
Topic 30,21065
Topic 30,76003
Topic 30,142135
Topic 30,14301
Topic 30,19968
Topic 30,34991
Topic 30,108501
Topic 30,8185
Topic 30,7544
Topic 30,140793
Topic 30,75629
Topic 30,56723
Topic 30,61087
Topic 30,17037
Topic 30,76810
Topic 31,25821
Topic 31,48301
Topic 31,64176
Topic 31,131339
Topic 31,65578
Topic 31,1378
Topic 31,60245
Topic 31,112726
Topic 31,142426
Topic 31,141111
Topic 31,64089
Topic 31,86308
Topic 31,102187
Topic 31,67688
Topic 31,41398
Topic 31,24949
Topic 31,133791
Topic 31,140475
Topic 31,2562
Topic 31,18253
Topic 31,14911
Topic 31,67252
Topic 31,116266
Topic 31,18713
Topic 31,67021
Topic 32,78513
Topic 32,77930
Topic 32,66936
Topic 32,94484
Topic 32,142128
Topic 32,28444
Topic 32,108855
Topic 32,94250
Topic 32,64937
Topic 32,142652
Topic 32,98343
Topic 32,43684
Topic 32,106444
Topic 32,82562
Topic 32,106151
Topic 32,42825
Topic 32,45228
Topic 32,32202
Topic 32,47099
Topic 32,34938
Topic 32,20160
Topic 32,131113
Topic 32,20799
Topic 32,23996
Topic 32,41740
Topic 33,59906
Topic 33,98094
Topic 33,116214
Topic 33,108030
Topic 33,33383
Topic 33,82965
Topic 33,43322
Topic 33,87277
Topic 33,68658
Topic 33,5454
Topic 33,79395
Topic 33,60234
Topic 33,96022
Topic 33,67344
Topic 33,10144
Topic 33,70469
Topic 33,26211
Topic 33,106585
Topic 33,34423
Topic 33,46105
Topic 33,72949
Topic 33,24111
Topic 33,51345
Topic 33,7412
Topic 33,82680
Topic 34,21135
Topic 34,42825
Topic 34,108856
Topic 34,20962
Topic 34,56393
Topic 34,67199
Topic 34,28267
Topic 34,114899
Topic 34,4940
Topic 34,21246
Topic 34,21242
Topic 34,35342
Topic 34,141008
Topic 34,70442
Topic 34,15304
Topic 34,113362
Topic 34,25956
Topic 34,44611
Topic 34,20092
Topic 34,97585
Topic 34,6581
Topic 34,15722
Topic 34,70746
Topic 34,14551
Topic 34,55540
Topic 35,141753
Topic 35,73270
Topic 35,46803
Topic 35,143117
Topic 35,114167
Topic 35,16996
Topic 35,50160
Topic 35,75629
Topic 35,4587
Topic 35,33160
Topic 35,31108
Topic 35,34824
Topic 35,103983
Topic 35,12323
Topic 35,60386
Topic 35,101694
Topic 35,50909
Topic 35,23662
Topic 35,55209
Topic 35,141835
Topic 35,52732
Topic 35,74803
Topic 35,121578
Topic 35,68292
Topic 35,75609
Topic 36,29690
Topic 36,63520
Topic 36,40545
Topic 36,23849
Topic 36,47118
Topic 36,17084
Topic 36,66110
Topic 36,144589
Topic 36,51171
Topic 36,126269
Topic 36,92913
Topic 36,45849
Topic 36,116463
Topic 36,20866
Topic 36,18768
Topic 36,34620
Topic 36,45253
Topic 36,59225
Topic 36,90133
Topic 36,46593
Topic 36,49286
Topic 36,76316
Topic 36,92911
Topic 36,108452
Topic 36,77794
Topic 37,40626
Topic 37,72317
Topic 37,39746
Topic 37,50439
Topic 37,149635
Topic 37,40964
Topic 37,145423
Topic 37,110589
Topic 37,149210
Topic 37,41156
Topic 37,58492
Topic 37,37092
Topic 37,15726
Topic 37,95021
Topic 37,132307
Topic 37,43581
Topic 37,64492
Topic 37,132786
Topic 37,42783
Topic 37,116657
Topic 37,14434
Topic 37,47269
Topic 37,144213
Topic 37,142113
Topic 37,144242
Topic 38,5124
Topic 38,12570
Topic 38,63475
Topic 38,35196
Topic 38,65714
Topic 38,8775
Topic 38,134277
Topic 38,115854
Topic 38,32852
Topic 38,149635
Topic 38,12145
Topic 38,36032
Topic 38,61317
Topic 38,72317
Topic 38,75958
Topic 38,116258
Topic 38,7460
Topic 38,148114
Topic 38,79296
Topic 38,9982
Topic 38,17880
Topic 38,55458
Topic 38,95105
Topic 38,54384
Topic 38,28215
Topic 39,10830
Topic 39,111407
Topic 39,29286
Topic 39,80592
Topic 39,78283
Topic 39,80559
Topic 39,43350
Topic 39,35383
Topic 39,72896
Topic 39,4629
Topic 39,78967
Topic 39,64958
Topic 39,5201
Topic 39,10752
Topic 39,25019
Topic 39,55118
Topic 39,116175
Topic 39,23099
Topic 39,7113
Topic 39,59768
Topic 39,5710
Topic 39,59790
Topic 39,89392
Topic 39,111702
Topic 39,18098
Topic 40,53978
Topic 40,52544
Topic 40,21713
Topic 40,48697
Topic 40,144374
Topic 40,47681
Topic 40,75346
Topic 40,147574
Topic 40,95214
Topic 40,42582
Topic 40,56706
Topic 40,9346
Topic 40,2429
Topic 40,22638
Topic 40,146025
Topic 40,45813
Topic 40,145724
Topic 40,18830
Topic 40,12570
Topic 40,22645
Topic 40,56877
Topic 40,45408
Topic 40,88797
Topic 40,14630
Topic 40,9765
Topic 41,54313
Topic 41,45849
Topic 41,41275
Topic 41,11108
Topic 41,75609
Topic 41,83932
Topic 41,145761
Topic 41,138434
Topic 41,51086
Topic 41,80789
Topic 41,3115
Topic 41,47027
Topic 41,34047
Topic 41,20156
Topic 41,125617
Topic 41,26518
Topic 41,115111
Topic 41,95143
Topic 41,77417
Topic 41,31144
Topic 41,15904
Topic 41,148674
Topic 41,31162
Topic 41,33244
Topic 41,5667
Topic 42,29697
Topic 42,61636
Topic 42,72317
Topic 42,43902
Topic 42,19291
Topic 42,119299
Topic 42,36309
Topic 42,36032
Topic 42,19949
Topic 42,108650
Topic 42,44608
Topic 42,7460
Topic 42,70905
Topic 42,34125
Topic 42,76524
Topic 42,51045
Topic 42,100788
Topic 42,52432
Topic 42,63472
Topic 42,106002
Topic 42,59494
Topic 42,109540
Topic 42,50413
Topic 42,63475
Topic 42,67601
Topic 43,113002
Topic 43,3618
Topic 43,25643
Topic 43,75958
Topic 43,12574
Topic 43,32698
Topic 43,17209
Topic 43,74211
Topic 43,140168
Topic 43,16081
Topic 43,143154
Topic 43,58597
Topic 43,23476
Topic 43,144663
Topic 43,81671
Topic 43,16297
Topic 43,39766
Topic 43,17801
Topic 43,64014
Topic 43,148946
Topic 43,58492
Topic 43,113868
Topic 43,5265
Topic 43,144842
Topic 43,94784
Topic 44,102254
Topic 44,113864
Topic 44,14327
Topic 44,91163
Topic 44,101167
Topic 44,107165
Topic 44,133774
Topic 44,144842
Topic 44,38855
Topic 44,64207
Topic 44,17666
Topic 44,51978
Topic 44,125039
Topic 44,144267
Topic 44,42207
Topic 44,61993
Topic 44,114382
Topic 44,25681
Topic 44,45274
Topic 44,40360
Topic 44,60657
Topic 44,79375
Topic 44,146776
Topic 44,142059
Topic 44,91636
Topic 45,89392
Topic 45,82700
Topic 45,114387
Topic 45,61314
Topic 45,49242
Topic 45,145496
Topic 45,42781
Topic 45,93804
Topic 45,20807
Topic 45,60707
Topic 45,24080
Topic 45,98430
Topic 45,17258
Topic 45,76240
Topic 45,9311
Topic 45,143411
Topic 45,78365
Topic 45,92590
Topic 45,78053
Topic 45,27689
Topic 45,93494
Topic 45,116477
Topic 45,110753
Topic 45,126999
Topic 45,61394
Topic 46,142331
Topic 46,86604
Topic 46,94190
Topic 46,6730
Topic 46,7506
Topic 46,139129
Topic 46,27445
Topic 46,24114
Topic 46,45831
Topic 46,29674
Topic 46,64976
Topic 46,142350
Topic 46,131413
Topic 46,85992
Topic 46,24995
Topic 46,2572
Topic 46,106563
Topic 46,61444
Topic 46,5531
Topic 46,138188
Topic 46,25709
Topic 46,5647
Topic 46,86904
Topic 46,76173
Topic 46,48482
Topic 47,147081
Topic 47,98733
Topic 47,106588
Topic 47,142340
Topic 47,140
Topic 47,35762
Topic 47,1761
Topic 47,53242
Topic 47,111462
Topic 47,98949
Topic 47,87455
Topic 47,26338
Topic 47,82147
Topic 47,18642
Topic 47,95578
Topic 47,119615
Topic 47,139839
Topic 47,2708
Topic 47,21752
Topic 47,70564
Topic 47,142045
Topic 47,39989
Topic 47,10961
Topic 47,52937
Topic 47,11349
Topic 48,81497
Topic 48,109147
Topic 48,38736
Topic 48,29648
Topic 48,53457
Topic 48,113683
Topic 48,11349
Topic 48,88088
Topic 48,30227
Topic 48,113687
Topic 48,47233
Topic 48,69398
Topic 48,2274
Topic 48,113864
Topic 48,15139
Topic 48,7556
Topic 48,45274
Topic 48,90141
Topic 48,139839
Topic 48,25038
Topic 48,142551
Topic 48,144843
Topic 48,30736
Topic 48,20218
Topic 48,79703
Topic 49,78707
Topic 49,48751
Topic 49,52601
Topic 49,28008
Topic 49,93422
Topic 49,67995
Topic 49,61444
Topic 49,64227
Topic 49,48187
Topic 49,4986
Topic 49,38938
Topic 49,4393
Topic 49,75854
Topic 49,17879
Topic 49,34470
Topic 49,37885
Topic 49,45250
Topic 49,112360
Topic 49,59773
Topic 49,5237
Topic 49,4146
Topic 49,23474
Topic 49,57404
Topic 49,138602
Topic 49,105248
Topic 50,79703
Topic 50,113912
Topic 50,38881
Topic 50,144842
Topic 50,37203
Topic 50,109147
Topic 50,40771
Topic 50,17808
Topic 50,97310
Topic 50,6969
Topic 50,33402
Topic 50,73883
Topic 50,78422
Topic 50,87258
Topic 50,59913
Topic 50,58314
Topic 50,73430
Topic 50,62001
Topic 50,131968
Topic 50,43924
Topic 50,45847
Topic 50,58308
Topic 50,17666
Topic 50,51792
Topic 50,68765
Topic 51,132545
Topic 51,29648
Topic 51,82102
Topic 51,121151
Topic 51,55315
Topic 51,40730
Topic 51,61043
Topic 51,96117
Topic 51,32597
Topic 51,106273
Topic 51,57391
Topic 51,113733
Topic 51,21539
Topic 51,68314
Topic 51,113776
Topic 51,75638
Topic 51,5472
Topic 51,39746
Topic 51,139626
Topic 51,64496
Topic 51,149263
Topic 51,40998
Topic 51,143466
Topic 51,14276
Topic 51,13807
Topic 52,13384
Topic 52,133791
Topic 52,87638
Topic 52,16535
Topic 52,67340
Topic 52,72639
Topic 52,110494
Topic 52,141753
Topic 52,5105
Topic 52,85866
Topic 52,34493
Topic 52,60099
Topic 52,146305
Topic 52,48885
Topic 52,85381
Topic 52,21678
Topic 52,66138
Topic 52,91189
Topic 52,8596
Topic 52,83296
Topic 52,29510
Topic 52,49668
Topic 52,66061
Topic 52,1048
Topic 52,54968
Topic 53,41261
Topic 53,66082
Topic 53,35353
Topic 53,31944
Topic 53,28923
Topic 53,73289
Topic 53,30778
Topic 53,19979
Topic 53,133085
Topic 53,46518
Topic 53,58535
Topic 53,28897
Topic 53,53021
Topic 53,42451
Topic 53,46593
Topic 53,50934
Topic 53,75535
Topic 53,18506
Topic 53,88685
Topic 53,65888
Topic 53,42070
Topic 53,25353
Topic 53,141608
Topic 53,119898
Topic 53,42238
Topic 54,146399
Topic 54,109158
Topic 54,35341
Topic 54,69398
Topic 54,82164
Topic 54,63564
Topic 54,63160
Topic 54,68634
Topic 54,67106
Topic 54,46990
Topic 54,108241
Topic 54,87496
Topic 54,107944
Topic 54,25681
Topic 54,56080
Topic 54,87895
Topic 54,144245
Topic 54,59917
Topic 54,76380
Topic 54,100258
Topic 54,23311
Topic 54,25724
Topic 54,4592
Topic 54,52969
Topic 54,10073
Topic 55,144648
Topic 55,67959
Topic 55,74507
Topic 55,54925
Topic 55,64878
Topic 55,136733
Topic 55,148113
Topic 55,21816
Topic 55,63211
Topic 55,20758
Topic 55,126419
Topic 55,83242
Topic 55,25644
Topic 55,48417
Topic 55,30747
Topic 55,41966
Topic 55,18427
Topic 55,98389
Topic 55,144860
Topic 55,144641
Topic 55,85645
Topic 55,30130
Topic 55,58640
Topic 55,1901
Topic 55,108662
Topic 56,149118
Topic 56,146305
Topic 56,31582
Topic 56,138728
Topic 56,149446
Topic 56,63564
Topic 56,43924
Topic 56,87277
Topic 56,77120
Topic 56,144948
Topic 56,6872
Topic 56,50471
Topic 56,147350
Topic 56,17949
Topic 56,52663
Topic 56,62627
Topic 56,17643
Topic 56,62197
Topic 56,54064
Topic 56,117702
Topic 56,50619
Topic 56,29864
Topic 56,139294
Topic 56,18095
Topic 56,109659
Topic 57,42790
Topic 57,80202
Topic 57,56221
Topic 57,31226
Topic 57,60235
Topic 57,64207
Topic 57,144648
Topic 57,21403
Topic 57,12904
Topic 57,19961
Topic 57,81365
Topic 57,74503
Topic 57,63564
Topic 57,78383
Topic 57,55509
Topic 57,32356
Topic 57,106911
Topic 57,138948
Topic 57,18409
Topic 57,11592
Topic 57,63342
Topic 57,60080
Topic 57,61836
Topic 57,50976
Topic 57,140401
Topic 58,112081
Topic 58,64496
Topic 58,68087
Topic 58,105846
Topic 58,20455
Topic 58,86002
Topic 58,86746
Topic 58,32821
Topic 58,38445
Topic 58,62568
Topic 58,146347
Topic 58,94858
Topic 58,149352
Topic 58,86547
Topic 58,11363
Topic 58,142680
Topic 58,72494
Topic 58,67514
Topic 58,105807
Topic 58,136683
Topic 58,62899
Topic 58,25774
Topic 58,20255
Topic 58,103142
Topic 58,115540
Topic 59,77801
Topic 59,66021
Topic 59,146343
Topic 59,64437
Topic 59,138356
Topic 59,112649
Topic 59,145167
Topic 59,60268
Topic 59,64631
Topic 59,144219
Topic 59,16741
Topic 59,56810
Topic 59,143995
Topic 59,26345
Topic 59,103096
Topic 59,23845
Topic 59,112097
Topic 59,56634
Topic 59,48242
Topic 59,145955
Topic 59,144523
Topic 59,116019
Topic 59,572
Topic 59,143970
Topic 59,104812
Topic 60,21056
Topic 60,31371
Topic 60,107775
Topic 60,100744
Topic 60,92689
Topic 60,14982
Topic 60,22343
Topic 60,52944
Topic 60,97766
Topic 60,24884
Topic 60,144548
Topic 60,104772
Topic 60,121572
Topic 60,8388
Topic 60,25364
Topic 60,79973
Topic 60,9704
Topic 60,77670
Topic 60,50446
Topic 60,8527
Topic 60,39084
Topic 60,140032
Topic 60,19808
Topic 60,100789
Topic 60,33256
Topic 61,104861
Topic 61,114748
Topic 61,5050
Topic 61,75958
Topic 61,24031
Topic 61,106392
Topic 61,144648
Topic 61,24058
Topic 61,36414
Topic 61,55956
Topic 61,132808
Topic 61,9757
Topic 61,40360
Topic 61,136719
Topic 61,10500
Topic 61,49969
Topic 61,76009
Topic 61,38530
Topic 61,116263
Topic 61,10218
Topic 61,75192
Topic 61,72849
Topic 61,60771
Topic 61,4539
Topic 61,23427
Topic 62,82956
Topic 62,2920
Topic 62,50263
Topic 62,52450
Topic 62,20739
Topic 62,64475
Topic 62,16422
Topic 62,48143
Topic 62,130820
Topic 62,74121
Topic 62,12972
Topic 62,3006
Topic 62,88754
Topic 62,8114
Topic 62,56072
Topic 62,54041
Topic 62,138612
Topic 62,46396
Topic 62,50616
Topic 62,24114
Topic 62,115994
Topic 62,76935
Topic 62,88670
Topic 62,33296
Topic 62,101571
Topic 63,49071
Topic 63,82575
Topic 63,82869
Topic 63,148661
Topic 63,2536
Topic 63,19448
Topic 63,48483
Topic 63,4755
Topic 63,40213
Topic 63,75959
Topic 63,41334
Topic 63,84989
Topic 63,104881
Topic 63,5541
Topic 63,66167
Topic 63,108502
Topic 63,11324
Topic 63,75906
Topic 63,22721
Topic 63,11682
Topic 63,38269
Topic 63,36411
Topic 63,15824
Topic 63,42738
Topic 63,65113
Topic 64,60659
Topic 64,84454
Topic 64,92914
Topic 64,10141
Topic 64,75819
Topic 64,13125
Topic 64,84764
Topic 64,84758
Topic 64,32734
Topic 64,42366
Topic 64,28596
Topic 64,13283
Topic 64,84158
Topic 64,113178
Topic 64,16271
Topic 64,31849
Topic 64,4804
Topic 64,34324
Topic 64,16884
Topic 64,33296
Topic 64,127604
Topic 64,56236
Topic 64,26655
Topic 64,70925
Topic 64,127323
Topic 65,60659
Topic 65,68070
Topic 65,92914
Topic 65,86246
Topic 65,13951
Topic 65,112814
Topic 65,1318
Topic 65,87194
Topic 65,104190
Topic 65,127604
Topic 65,26655
Topic 65,82956
Topic 65,102757
Topic 65,19296
Topic 65,75814
Topic 65,70531
Topic 65,82298
Topic 65,141901
Topic 65,17524
Topic 65,1677
Topic 65,86224
Topic 65,42366
Topic 65,82408
Topic 65,84758
Topic 65,10141
Topic 66,21726
Topic 66,67603
Topic 66,139319
Topic 66,16395
Topic 66,19284
Topic 66,133787
Topic 66,67733
Topic 66,21412
Topic 66,63987
Topic 66,143938
Topic 66,130313
Topic 66,42267
Topic 66,69204
Topic 66,46901
Topic 66,65565
Topic 66,145520
Topic 66,65369
Topic 66,144361
Topic 66,16579
Topic 66,20451
Topic 66,17150
Topic 66,105544
Topic 66,15078
Topic 66,105632
Topic 66,45046
Topic 67,91163
Topic 67,47267
Topic 67,40986
Topic 67,94590
Topic 67,17300
Topic 67,145983
Topic 67,96972
Topic 67,39601
Topic 67,38313
Topic 67,6049
Topic 67,61111
Topic 67,111694
Topic 67,5709
Topic 67,4330
Topic 67,16636
Topic 67,100995
Topic 67,50030
Topic 67,16520
Topic 67,46073
Topic 67,140835
Topic 67,56291
Topic 67,41764
Topic 67,54563
Topic 67,35707
Topic 67,31782
Topic 68,65565
Topic 68,125831
Topic 68,30793
Topic 68,45860
Topic 68,87584
Topic 68,60781
Topic 68,87567
Topic 68,56069
Topic 68,95013
Topic 68,63767
Topic 68,57829
Topic 68,7130
Topic 68,38767
Topic 68,69969
Topic 68,108506
Topic 68,115484
Topic 68,11945
Topic 68,70531
Topic 68,9198
Topic 68,78471
Topic 68,89684
Topic 68,83014
Topic 68,67819
Topic 68,41684
Topic 68,86246
Topic 69,28942
Topic 69,143913
Topic 69,140404
Topic 69,2536
Topic 69,144548
Topic 69,137557
Topic 69,139886
Topic 69,20552
Topic 69,98485
Topic 69,1511
Topic 69,9601
Topic 69,10502
Topic 69,49071
Topic 69,135505
Topic 69,89560
Topic 69,14758
Topic 69,6393
Topic 69,87739
Topic 69,34127
Topic 69,1686
Topic 69,17381
Topic 69,89349
Topic 69,61404
Topic 69,10924
Topic 69,41357
Topic 70,58988
Topic 70,8541
Topic 70,53495
Topic 70,30767
Topic 70,57319
Topic 70,60600
Topic 70,75114
Topic 70,100962
Topic 70,22244
Topic 70,59745
Topic 70,31548
Topic 70,69969
Topic 70,133409
Topic 70,3705
Topic 70,64466
Topic 70,1697
Topic 70,56971
Topic 70,127775
Topic 70,104449
Topic 70,110059
Topic 70,30053
Topic 70,39235
Topic 70,59043
Topic 70,56256
Topic 70,133153
Topic 71,1686
Topic 71,14694
Topic 71,36028
Topic 71,6400
Topic 71,34069
Topic 71,130212
Topic 71,44509
Topic 71,1511
Topic 71,29362
Topic 71,69413
Topic 71,66185
Topic 71,13638
Topic 71,90475
Topic 71,57966
Topic 71,249
Topic 71,74700
Topic 71,104856
Topic 71,38830
Topic 71,8484
Topic 71,4465
Topic 71,3632
Topic 71,38300
Topic 71,86610
Topic 71,147709
Topic 71,146097
Topic 72,17871
Topic 72,10502
Topic 72,64865
Topic 72,40065
Topic 72,139886
Topic 72,148931
Topic 72,64111
Topic 72,137557
Topic 72,146586
Topic 72,145790
Topic 72,94099
Topic 72,148191
Topic 72,15078
Topic 72,141429
Topic 72,14594
Topic 72,22853
Topic 72,129991
Topic 72,47319
Topic 72,141723
Topic 72,7278
Topic 72,42862
Topic 72,5113
Topic 72,29362
Topic 72,15126
Topic 72,96653
Topic 73,143995
Topic 73,59898
Topic 73,142313
Topic 73,62926
Topic 73,95637
Topic 73,107644
Topic 73,57138
Topic 73,38837
Topic 73,116250
Topic 73,141087
Topic 73,146148
Topic 73,99890
Topic 73,61651
Topic 73,49073
Topic 73,51469
Topic 73,65236
Topic 73,52886
Topic 73,114548
Topic 73,54064
Topic 73,1188
Topic 73,23821
Topic 73,11567
Topic 73,12651
Topic 73,145955
Topic 73,30462
Topic 74,3452
Topic 74,29574
Topic 74,48123
Topic 74,63786
Topic 74,69761
Topic 74,141079
Topic 74,91349
Topic 74,20449
Topic 74,116566
Topic 74,81732
Topic 74,6391
Topic 74,85093
Topic 74,87409
Topic 74,78174
Topic 74,24192
Topic 74,15774
Topic 74,47268
Topic 74,22272
Topic 74,92236
Topic 74,2959
Topic 74,104864
Topic 74,27186
Topic 74,65297
Topic 74,36714
Topic 74,6928
Topic 75,2805
Topic 75,35222
Topic 75,9601
Topic 75,72788
Topic 75,21199
Topic 75,121576
Topic 75,94953
Topic 75,59661
Topic 75,59611
Topic 75,96090
Topic 75,21234
Topic 75,16070
Topic 75,105841
Topic 75,36028
Topic 75,92524
Topic 75,34124
Topic 75,85438
Topic 75,47610
Topic 75,94673
Topic 75,55677
Topic 75,121281
Topic 75,86288
Topic 75,145766
Topic 75,126419
Topic 75,65398
Topic 76,101982
Topic 76,10109
Topic 76,42849
Topic 76,51618
Topic 76,45461
Topic 76,47860
Topic 76,2602
Topic 76,88705
Topic 76,66038
Topic 76,78771
Topic 76,66518
Topic 76,61892
Topic 76,93724
Topic 76,105195
Topic 76,79951
Topic 76,86220
Topic 76,149533
Topic 76,33536
Topic 76,144596
Topic 76,59043
Topic 76,141943
Topic 76,74638
Topic 76,5956
Topic 76,94535
Topic 76,34698
Topic 77,30431
Topic 77,12328
Topic 77,11645
Topic 77,16385
Topic 77,46947
Topic 77,16636
Topic 77,53747
Topic 77,19837
Topic 77,15460
Topic 77,41892
Topic 77,149021
Topic 77,29504
Topic 77,79126
Topic 77,74964
Topic 77,6624
Topic 77,22631
Topic 77,102798
Topic 77,54313
Topic 77,18771
Topic 77,31934
Topic 77,145659
Topic 77,10196
Topic 77,39766
Topic 77,1594
Topic 77,27712
Topic 78,41715
Topic 78,53323
Topic 78,5548
Topic 78,85751
Topic 78,129059
Topic 78,95794
Topic 78,66089
Topic 78,37785
Topic 78,42811
Topic 78,66233
Topic 78,109100
Topic 78,62771
Topic 78,13615
Topic 78,40872
Topic 78,26006
Topic 78,48398
Topic 78,84786
Topic 78,146869
Topic 78,11869
Topic 78,14512
Topic 78,16906
Topic 78,5397
Topic 78,33244
Topic 78,66904
Topic 78,20078
Topic 79,15528
Topic 79,62078
Topic 79,99632
Topic 79,40058
Topic 79,11375
Topic 79,37090
Topic 79,132267
Topic 79,103458
Topic 79,103390
Topic 79,93229
Topic 79,35877
Topic 79,11335
Topic 79,12127
Topic 79,110613
Topic 79,6841
Topic 79,24770
Topic 79,57798
Topic 79,65517
Topic 79,35856
Topic 79,69807
Topic 79,13589
Topic 79,117750
Topic 79,84672
Topic 79,10938
Topic 79,109693
Topic 80,45855
Topic 80,147876
Topic 80,63987
Topic 80,67424
Topic 80,18060
Topic 80,77919
Topic 80,66207
Topic 80,83997
Topic 80,140141
Topic 80,140034
Topic 80,127471
Topic 80,37476
Topic 80,111411
Topic 80,55424
Topic 80,69421
Topic 80,62042
Topic 80,58263
Topic 80,24076
Topic 80,111767
Topic 80,146358
Topic 80,131331
Topic 80,79375
Topic 80,4676
Topic 80,54815
Topic 80,70552
Topic 81,99877
Topic 81,34018
Topic 81,142057
Topic 81,33831
Topic 81,141715
Topic 81,33473
Topic 81,24606
Topic 81,30434
Topic 81,7674
Topic 81,40078
Topic 81,24699
Topic 81,79085
Topic 81,32458
Topic 81,466
Topic 81,59837
Topic 81,81157
Topic 81,99958
Topic 81,71899
Topic 81,25832
Topic 81,10830
Topic 81,47858
Topic 81,83231
Topic 81,44682
Topic 81,24770
Topic 81,81740
Topic 82,36178
Topic 82,8052
Topic 82,5397
Topic 82,49404
Topic 82,143968
Topic 82,38462
Topic 82,135786
Topic 82,129051
Topic 82,111367
Topic 82,63005
Topic 82,50250
Topic 82,41062
Topic 82,71005
Topic 82,13054
Topic 82,89343
Topic 82,137003
Topic 82,25513
Topic 82,131601
Topic 82,70196
Topic 82,104449
Topic 82,39235
Topic 82,16459
Topic 82,21786
Topic 82,33251
Topic 82,148579
Topic 83,99339
Topic 83,116381
Topic 83,107665
Topic 83,40847
Topic 83,116025
Topic 83,124761
Topic 83,23754
Topic 83,62645
Topic 83,33140
Topic 83,46048
Topic 83,149626
Topic 83,77066
Topic 83,97435
Topic 83,40542
Topic 83,19430
Topic 83,63370
Topic 83,139319
Topic 83,19771
Topic 83,14178
Topic 83,62649
Topic 83,108379
Topic 83,89593
Topic 83,34878
Topic 83,42737
Topic 83,124322
Topic 84,34124
Topic 84,105855
Topic 84,18029
Topic 84,139899
Topic 84,20892
Topic 84,47698
Topic 84,145167
Topic 84,74741
Topic 84,63492
Topic 84,70444
Topic 84,34671
Topic 84,44537
Topic 84,78228
Topic 84,69040
Topic 84,89684
Topic 84,60455
Topic 84,75003
Topic 84,50611
Topic 84,87758
Topic 84,76942
Topic 84,27612
Topic 84,89866
Topic 84,15531
Topic 84,54534
Topic 84,76846
Topic 85,86855
Topic 85,115484
Topic 85,88870
Topic 85,104291
Topic 85,10938
Topic 85,139045
Topic 85,103056
Topic 85,32818
Topic 85,105995
Topic 85,20449
Topic 85,59655
Topic 85,74638
Topic 85,43641
Topic 85,64787
Topic 85,3918
Topic 85,75838
Topic 85,99291
Topic 85,102831
Topic 85,54302
Topic 85,20886
Topic 85,142295
Topic 85,91032
Topic 85,46467
Topic 85,5392
Topic 85,110610
Topic 86,37612
Topic 86,103402
Topic 86,143683
Topic 86,24426
Topic 86,94020
Topic 86,78877
Topic 86,34070
Topic 86,46356
Topic 86,13344
Topic 86,22904
Topic 86,101092
Topic 86,116261
Topic 86,49537
Topic 86,111374
Topic 86,85882
Topic 86,59943
Topic 86,42811
Topic 86,64493
Topic 86,98712
Topic 86,895
Topic 86,132568
Topic 86,137575
Topic 86,36563
Topic 86,34594
Topic 86,80071
Topic 87,9822
Topic 87,13906
Topic 87,82987
Topic 87,126553
Topic 87,26930
Topic 87,93824
Topic 87,20436
Topic 87,61896
Topic 87,48162
Topic 87,139342
Topic 87,105225
Topic 87,7379
Topic 87,47931
Topic 87,142675
Topic 87,7783
Topic 87,140205
Topic 87,93962
Topic 87,10326
Topic 87,52578
Topic 87,45370
Topic 87,75532
Topic 87,33935
Topic 87,96657
Topic 87,3678
Topic 87,6147
Topic 88,5382
Topic 88,8221
Topic 88,144848
Topic 88,18528
Topic 88,24689
Topic 88,73727
Topic 88,16871
Topic 88,24426
Topic 88,39183
Topic 88,54996
Topic 88,108849
Topic 88,2023
Topic 88,56844
Topic 88,111864
Topic 88,9165
Topic 88,31091
Topic 88,86258
Topic 88,30906
Topic 88,41033
Topic 88,111279
Topic 88,17018
Topic 88,41114
Topic 88,6579
Topic 88,145522
Topic 88,33761
Topic 89,79959
Topic 89,8245
Topic 89,6973
Topic 89,78573
Topic 89,23646
Topic 89,62638
Topic 89,6135
Topic 89,21138
Topic 89,34350
Topic 89,96340
Topic 89,19455
Topic 89,139327
Topic 89,55443
Topic 89,24787
Topic 89,85350
Topic 89,94496
Topic 89,47208
Topic 89,124442
Topic 89,113107
Topic 89,79562
Topic 89,48368
Topic 89,70897
Topic 89,70373
Topic 89,115484
Topic 89,64636
Topic 90,24102
Topic 90,103402
Topic 90,33204
Topic 90,50932
Topic 90,69840
Topic 90,76709
Topic 90,93360
Topic 90,131061
Topic 90,24689
Topic 90,76197
Topic 90,28372
Topic 90,22880
Topic 90,51568
Topic 90,63612
Topic 90,25136
Topic 90,100456
Topic 90,18912
Topic 90,147400
Topic 90,78030
Topic 90,34271
Topic 90,85459
Topic 90,5720
Topic 90,48123
Topic 90,32290
Topic 90,60537
Topic 91,66557
Topic 91,138413
Topic 91,110633
Topic 91,44581
Topic 91,87931
Topic 91,76990
Topic 91,115365
Topic 91,27193
Topic 91,61026
Topic 91,65547
Topic 91,41207
Topic 91,67050
Topic 91,31398
Topic 91,111289
Topic 91,59837
Topic 91,80072
Topic 91,27008
Topic 91,107194
Topic 91,78290
Topic 91,15389
Topic 91,27395
Topic 91,70940
Topic 91,34944
Topic 91,30758
Topic 91,140201
Topic 92,116847
Topic 92,140034
Topic 92,14438
Topic 92,46722
Topic 92,20281
Topic 92,62923
Topic 92,70444
Topic 92,140141
Topic 92,16135
Topic 92,99291
Topic 92,22815
Topic 92,142221
Topic 92,95396
Topic 92,65739
Topic 92,67416
Topic 92,15762
Topic 92,61950
Topic 92,94596
Topic 92,75331
Topic 92,86016
Topic 92,49756
Topic 92,24915
Topic 92,24426
Topic 92,48219
Topic 92,61026
Topic 93,88870
Topic 93,13279
Topic 93,86290
Topic 93,82396
Topic 93,88582
Topic 93,25842
Topic 93,25718
Topic 93,32658
Topic 93,65002
Topic 93,110903
Topic 93,38583
Topic 93,60909
Topic 93,145788
Topic 93,98710
Topic 93,52682
Topic 93,41650
Topic 93,29191
Topic 93,65365
Topic 93,114745
Topic 93,86819
Topic 93,27984
Topic 93,88473
Topic 93,56935
Topic 93,147643
Topic 93,77656
Topic 94,87850
Topic 94,33831
Topic 94,5465
Topic 94,21365
Topic 94,95157
Topic 94,80005
Topic 94,64930
Topic 94,99551
Topic 94,60033
Topic 94,23241
Topic 94,16930
Topic 94,20154
Topic 94,20262
Topic 94,12651
Topic 94,91628
Topic 94,38141
Topic 94,6769
Topic 94,62771
Topic 94,102271
Topic 94,140403
Topic 94,51308
Topic 94,86599
Topic 94,145480
Topic 94,104966
Topic 94,148178
Topic 95,41114
Topic 95,124743
Topic 95,87045
Topic 95,16739
Topic 95,85937
Topic 95,16719
Topic 95,144848
Topic 95,26960
Topic 95,68927
Topic 95,144006
Topic 95,27988
Topic 95,30913
Topic 95,37544
Topic 95,45558
Topic 95,43656
Topic 95,53242
Topic 95,47319
Topic 95,52674
Topic 95,83928
Topic 95,19301
Topic 95,45635
Topic 95,24114
Topic 95,41355
Topic 95,2902
Topic 95,143243
Topic 96,31760
Topic 96,9839
Topic 96,34642
Topic 96,35580
Topic 96,95273
Topic 96,26181
Topic 96,90121
Topic 96,52246
Topic 96,22817
Topic 96,109282
Topic 96,40086
Topic 96,46403
Topic 96,74215
Topic 96,44531
Topic 96,998
Topic 96,57498
Topic 96,143090
Topic 96,50873
Topic 96,88534
Topic 96,30929
Topic 96,98182
Topic 96,65025
Topic 96,139267
Topic 96,83563
Topic 96,76990
Topic 97,108676
Topic 97,9743
Topic 97,62244
Topic 97,74913
Topic 97,105242
Topic 97,45694
Topic 97,22955
Topic 97,69884
Topic 97,36424
Topic 97,19301
Topic 97,91625
Topic 97,1003
Topic 97,23063
Topic 97,12228
Topic 97,74897
Topic 97,38141
Topic 97,87204
Topic 97,55910
Topic 97,102483
Topic 97,139710
Topic 97,53269
Topic 97,42953
Topic 97,146930
Topic 97,18791
Topic 97,56501
Topic 98,53136
Topic 98,29497
Topic 98,45092
Topic 98,63562
Topic 98,102385
Topic 98,10031
Topic 98,69414
Topic 98,18971
Topic 98,65570
Topic 98,23036
Topic 98,17644
Topic 98,42737
Topic 98,116293
Topic 98,17122
Topic 98,54550
Topic 98,74945
Topic 98,88147
Topic 98,141435
Topic 98,35604
Topic 98,11312
Topic 98,118151
Topic 98,30255
Topic 98,90848
Topic 98,138490
Topic 98,14854
Topic 99,47435
Topic 99,56612
Topic 99,12928
Topic 99,63274
Topic 99,33875
Topic 99,85951
Topic 99,79190
Topic 99,142797
Topic 99,109210
Topic 99,47663
Topic 99,110899
Topic 99,17623
Topic 99,69145
Topic 99,40556
Topic 99,8250
Topic 99,33290
Topic 99,17780
Topic 99,5339
Topic 99,7541
Topic 99,131942
Topic 99,25255
Topic 99,41412
Topic 99,47118
Topic 99,47090
Topic 99,77078
Topic 100,112479
Topic 100,56598
Topic 100,60201
Topic 100,110820
Topic 100,85119
Topic 100,22817
Topic 100,81844
Topic 100,17023
Topic 100,44198
Topic 100,143090
Topic 100,135132
Topic 100,109282
Topic 100,27772
Topic 100,60968
Topic 100,147393
Topic 100,70906
Topic 100,144944
Topic 100,55369
Topic 100,106122
Topic 100,98669
Topic 100,108056
Topic 100,147068
Topic 100,89695
Topic 100,106004
Topic 100,59658
Topic 101,10275
Topic 101,116456
Topic 101,45953
Topic 101,85801
Topic 101,9537
Topic 101,41336
Topic 101,113208
Topic 101,119005
Topic 101,144505
Topic 101,63967
Topic 101,50330
Topic 101,11269
Topic 101,106579
Topic 101,65560
Topic 101,133449
Topic 101,106077
Topic 101,43102
Topic 101,23656
Topic 101,50001
Topic 101,90457
Topic 101,75090
Topic 101,6754
Topic 101,58646
Topic 101,55989
Topic 101,79566
Topic 102,23734
Topic 102,64320
Topic 102,23839
Topic 102,65871
Topic 102,71044
Topic 102,36040
Topic 102,78972
Topic 102,71051
Topic 102,55205
Topic 102,70165
Topic 102,11215
Topic 102,81681
Topic 102,71054
Topic 102,68074
Topic 102,138675
Topic 102,45734
Topic 102,14319
Topic 102,72639
Topic 102,86528
Topic 102,30640
Topic 102,8392
Topic 102,74941
Topic 102,49655
Topic 102,78713
Topic 102,34419
Topic 103,103468
Topic 103,100244
Topic 103,142879
Topic 103,20693
Topic 103,63558
Topic 103,33994
Topic 103,140534
Topic 103,40731
Topic 103,138996
Topic 103,1280
Topic 103,115133
Topic 103,88874
Topic 103,98751
Topic 103,93008
Topic 103,6135
Topic 103,41062
Topic 103,149638
Topic 103,22920
Topic 103,135158
Topic 103,147356
Topic 103,42539
Topic 103,9719
Topic 103,29541
Topic 103,70158
Topic 103,12964
Topic 104,92842
Topic 104,142806
Topic 104,47279
Topic 104,97745
Topic 104,16642
Topic 104,57984
Topic 104,9433
Topic 104,16457
Topic 104,28506
Topic 104,141724
Topic 104,144242
Topic 104,3616
Topic 104,10336
Topic 104,30483
Topic 104,17025
Topic 104,39336
Topic 104,45332
Topic 104,76303
Topic 104,142033
Topic 104,129634
Topic 104,67612
Topic 104,44476
Topic 104,15385
Topic 104,139423
Topic 104,141442
Topic 105,137939
Topic 105,11269
Topic 105,38269
Topic 105,114052
Topic 105,83313
Topic 105,116456
Topic 105,100484
Topic 105,106712
Topic 105,43337
Topic 105,141010
Topic 105,137012
Topic 105,82264
Topic 105,35413
Topic 105,110903
Topic 105,11595
Topic 105,68261
Topic 105,47495
Topic 105,69011
Topic 105,90457
Topic 105,144961
Topic 105,67269
Topic 105,44883
Topic 105,55826
Topic 105,78713
Topic 105,142923
Topic 106,138353
Topic 106,100657
Topic 106,125032
Topic 106,39146
Topic 106,119004
Topic 106,56245
Topic 106,18572
Topic 106,67897
Topic 106,82021
Topic 106,35781
Topic 106,22731
Topic 106,66976
Topic 106,96715
Topic 106,86864
Topic 106,63644
Topic 106,75784
Topic 106,11773
Topic 106,10275
Topic 106,147334
Topic 106,15513
Topic 106,26983
Topic 106,143374
Topic 106,5956
Topic 106,66828
Topic 106,8561
Topic 107,9491
Topic 107,29968
Topic 107,64657
Topic 107,101390
Topic 107,80090
Topic 107,6657
Topic 107,54860
Topic 107,75201
Topic 107,80225
Topic 107,3369
Topic 107,95274
Topic 107,89600
Topic 107,67239
Topic 107,12336
Topic 107,74183
Topic 107,146873
Topic 107,4585
Topic 107,55469
Topic 107,12350
Topic 107,48729
Topic 107,85637
Topic 107,10830
Topic 107,3718
Topic 107,11262
Topic 107,73690
Topic 108,9246
Topic 108,80285
Topic 108,15317
Topic 108,61823
Topic 108,9620
Topic 108,3656
Topic 108,69542
Topic 108,86862
Topic 108,62130
Topic 108,110581
Topic 108,108792
Topic 108,20891
Topic 108,58607
Topic 108,75692
Topic 108,33720
Topic 108,8952
Topic 108,103153
Topic 108,18516
Topic 108,75698
Topic 108,26707
Topic 108,21922
Topic 108,34221
Topic 108,76697
Topic 108,102933
Topic 108,5448
Topic 109,72330
Topic 109,51040
Topic 109,29196
Topic 109,143427
Topic 109,69009
Topic 109,10167
Topic 109,51159
Topic 109,102365
Topic 109,6441
Topic 109,55437
Topic 109,82396
Topic 109,94662
Topic 109,2456
Topic 109,106576
Topic 109,79861
Topic 109,58931
Topic 109,138965
Topic 109,98165
Topic 109,118991
Topic 109,88588
Topic 109,51760
Topic 109,119901
Topic 109,54337
Topic 109,25760
Topic 109,132917
Topic 110,113916
Topic 110,62430
Topic 110,52543
Topic 110,17057
Topic 110,4144
Topic 110,124043
Topic 110,46490
Topic 110,85436
Topic 110,126251
Topic 110,118335
Topic 110,55112
Topic 110,9063
Topic 110,46652
Topic 110,36051
Topic 110,55797
Topic 110,115354
Topic 110,116462
Topic 110,16426
Topic 110,100244
Topic 110,90426
Topic 110,30642
Topic 110,102800
Topic 110,88874
Topic 110,12320
Topic 110,35003
Topic 111,52543
Topic 111,50613
Topic 111,146029
Topic 111,44107
Topic 111,113490
Topic 111,27580
Topic 111,24186
Topic 111,88193
Topic 111,32231
Topic 111,51239
Topic 111,16948
Topic 111,89055
Topic 111,145854
Topic 111,45353
Topic 111,6509
Topic 111,76475
Topic 111,59709
Topic 111,132918
Topic 111,44880
Topic 111,61154
Topic 111,9560
Topic 111,82041
Topic 111,5680
Topic 111,46327
Topic 111,5969
Topic 112,13756
Topic 112,46162
Topic 112,40731
Topic 112,118
Topic 112,78362
Topic 112,113167
Topic 112,12360
Topic 112,15838
Topic 112,62573
Topic 112,61582
Topic 112,14024
Topic 112,36435
Topic 112,52114
Topic 112,132908
Topic 112,49121
Topic 112,72053
Topic 112,60898
Topic 112,110195
Topic 112,55992
Topic 112,116124
Topic 112,12573
Topic 112,35154
Topic 112,109210
Topic 112,58120
Topic 112,42059
Topic 113,136112
Topic 113,88147
Topic 113,46790
Topic 113,69004
Topic 113,86833
Topic 113,141922
Topic 113,35604
Topic 113,111585
Topic 113,144840
Topic 113,110819
Topic 113,63562
Topic 113,65030
Topic 113,74941
Topic 113,32532
Topic 113,53136
Topic 113,33697
Topic 113,32821
Topic 113,23734
Topic 113,50261
Topic 113,1306
Topic 113,97483
Topic 113,49280
Topic 113,52101
Topic 113,46604
Topic 113,9154
Topic 114,14417
Topic 114,77582
Topic 114,48128
Topic 114,113541
Topic 114,147298
Topic 114,32369
Topic 114,88582
Topic 114,69550
Topic 114,134586
Topic 114,9491
Topic 114,19243
Topic 114,11548
Topic 114,7072
Topic 114,49854
Topic 114,57665
Topic 114,28605
Topic 114,39637
Topic 114,43065
Topic 114,46803
Topic 114,65261
Topic 114,52452
Topic 114,18615
Topic 114,80500
Topic 114,10765
Topic 114,29684
Topic 115,113167
Topic 115,105181
Topic 115,87941
Topic 115,60690
Topic 115,101943
Topic 115,115911
Topic 115,113490
Topic 115,18011
Topic 115,139837
Topic 115,111599
Topic 115,11945
Topic 115,98153
Topic 115,15036
Topic 115,67314
Topic 115,60407
Topic 115,145449
Topic 115,107002
Topic 115,72053
Topic 115,112652
Topic 115,41398
Topic 115,139273
Topic 115,144574
Topic 115,144242
Topic 115,15744
Topic 115,84893
Topic 116,101885
Topic 116,65402
Topic 116,9798
Topic 116,65589
Topic 116,33943
Topic 116,55988
Topic 116,60227
Topic 116,38288
Topic 116,60950
Topic 116,27750
Topic 116,41128
Topic 116,15568
Topic 116,108849
Topic 116,75708
Topic 116,62431
Topic 116,107194
Topic 116,116279
Topic 116,5123
Topic 116,42494
Topic 116,63017
Topic 116,1035
Topic 116,134845
Topic 116,22552
Topic 116,141007
Topic 116,131624
Topic 117,13756
Topic 117,106373
Topic 117,33657
Topic 117,60589
Topic 117,110345
Topic 117,55992
Topic 117,37685
Topic 117,84162
Topic 117,50664
Topic 117,138353
Topic 117,118
Topic 117,91343
Topic 117,146875
Topic 117,18079
Topic 117,20424
Topic 117,106987
Topic 117,14092
Topic 117,53971
Topic 117,24102
Topic 117,12085
Topic 117,137023
Topic 117,108805
Topic 117,108202
Topic 117,116250
Topic 117,58598
Topic 118,49698
Topic 118,132562
Topic 118,117209
Topic 118,12360
Topic 118,35303
Topic 118,96715
Topic 118,83631
Topic 118,141027
Topic 118,10441
Topic 118,3705
Topic 118,11858
Topic 118,30642
Topic 118,60963
Topic 118,29540
Topic 118,85350
Topic 118,16057
Topic 118,132908
Topic 118,788
Topic 118,140480
Topic 118,53440
Topic 118,26455
Topic 118,58444
Topic 118,14662
Topic 118,42827
Topic 118,110
Topic 119,49256
Topic 119,52732
Topic 119,78514
Topic 119,65589
Topic 119,103534
Topic 119,13951
Topic 119,145217
Topic 119,116124
Topic 119,21706
Topic 119,58611
Topic 119,5996
Topic 119,9414
Topic 119,51540
Topic 119,68069
Topic 119,8459
Topic 119,5722
Topic 119,30780
Topic 119,135804
Topic 119,106363
Topic 119,86736
Topic 119,92088
Topic 119,146875
Topic 119,14063
Topic 119,54310
Topic 119,131298
Topic 120,100079
Topic 120,11670
Topic 120,76944
Topic 120,39681
Topic 120,112572
Topic 120,12336
Topic 120,82974
Topic 120,58488
Topic 120,36104
Topic 120,77112
Topic 120,47440
Topic 120,13143
Topic 120,56375
Topic 120,116560
Topic 120,68161
Topic 120,11436
Topic 120,25034
Topic 120,30353
Topic 120,48581
Topic 120,44914
Topic 120,1241
Topic 120,14716
Topic 120,5684
Topic 120,61607
Topic 120,54642
Topic 121,37327
Topic 121,140173
Topic 121,87134
Topic 121,144857
Topic 121,63758
Topic 121,39150
Topic 121,19307
Topic 121,45171
Topic 121,87261
Topic 121,45532
Topic 121,69394
Topic 121,94090
Topic 121,9569
Topic 121,98074
Topic 121,19351
Topic 121,26293
Topic 121,55798
Topic 121,91474
Topic 121,42789
Topic 121,63276
Topic 121,141628
Topic 121,63383
Topic 121,98398
Topic 121,21517
Topic 121,84872
Topic 122,60227
Topic 122,9798
Topic 122,116279
Topic 122,113698
Topic 122,149548
Topic 122,65320
Topic 122,40703
Topic 122,41767
Topic 122,3136
Topic 122,45352
Topic 122,87856
Topic 122,142255
Topic 122,6001
Topic 122,118697
Topic 122,63074
Topic 122,12179
Topic 122,65495
Topic 122,63919
Topic 122,98598
Topic 122,70788
Topic 122,130824
Topic 122,106407
Topic 122,19714
Topic 122,5728
Topic 122,96290
Topic 123,52452
Topic 123,35605
Topic 123,85991
Topic 123,16922
Topic 123,124626
Topic 123,92005
Topic 123,46947
Topic 123,53928
Topic 123,60008
Topic 123,50028
Topic 123,67649
Topic 123,15470
Topic 123,48558
Topic 123,143427
Topic 123,54300
Topic 123,59727
Topic 123,71032
Topic 123,48175
Topic 123,68713
Topic 123,69247
Topic 123,68041
Topic 123,81292
Topic 123,78425
Topic 123,64303
Topic 123,106082
Topic 124,58611
Topic 124,75710
Topic 124,28952
Topic 124,96952
Topic 124,52452
Topic 124,68608
Topic 124,90443
Topic 124,93528
Topic 124,60880
Topic 124,144963
Topic 124,21125
Topic 124,34315
Topic 124,31872
Topic 124,32040
Topic 124,108849
Topic 124,48424
Topic 124,148665
Topic 124,115539
Topic 124,130317
Topic 124,67417
Topic 124,65910
Topic 124,21957
Topic 124,24787
Topic 124,31391
Topic 124,89071
Topic 125,84169
Topic 125,146076
Topic 125,104801
Topic 125,14468
Topic 125,117673
Topic 125,117444
Topic 125,138979
Topic 125,97496
Topic 125,5663
Topic 125,106985
Topic 125,50571
Topic 125,107035
Topic 125,23759
Topic 125,117804
Topic 125,54575
Topic 125,23449
Topic 125,31697
Topic 125,61117
Topic 125,62324
Topic 125,109148
Topic 125,73874
Topic 125,115907
Topic 125,89079
Topic 125,106987
Topic 125,91729
Topic 126,116279
Topic 126,46692
Topic 126,46399
Topic 126,149277
Topic 126,77600
Topic 126,148113
Topic 126,51823
Topic 126,47260
Topic 126,53496
Topic 126,77990
Topic 126,69191
Topic 126,32043
Topic 126,34053
Topic 126,10032
Topic 126,93237
Topic 126,93376
Topic 126,3178
Topic 126,77137
Topic 126,18371
Topic 126,80036
Topic 126,59182
Topic 126,44703
Topic 126,80095
Topic 126,61801
Topic 126,98171
Topic 127,11699
Topic 127,73874
Topic 127,46300
Topic 127,82584
Topic 127,141007
Topic 127,68562
Topic 127,32229
Topic 127,52727
Topic 127,18791
Topic 127,84162
Topic 127,85109
Topic 127,25876
Topic 127,62226
Topic 127,35580
Topic 127,47663
Topic 127,144489
Topic 127,35103
Topic 127,41411
Topic 127,65323
Topic 127,116392
Topic 127,87045
Topic 127,120136
Topic 127,116200
Topic 127,141077
Topic 127,90121
Topic 128,58611
Topic 128,4062
Topic 128,93742
Topic 128,55293
Topic 128,64729
Topic 128,15568
Topic 128,113851
Topic 128,139433
Topic 128,13269
Topic 128,5446
Topic 128,20067
Topic 128,108849
Topic 128,10372
Topic 128,12084
Topic 128,39627
Topic 128,55631
Topic 128,116279
Topic 128,39049
Topic 128,39033
Topic 128,79605
Topic 128,27339
Topic 128,9519
Topic 128,143405
Topic 128,17452
Topic 128,143817
Topic 129,61823
Topic 129,17716
Topic 129,103391
Topic 129,16394
Topic 129,58547
Topic 129,97496
Topic 129,46451
Topic 129,61682
Topic 129,37385
Topic 129,52383
Topic 129,69400
Topic 129,23386
Topic 129,5035
Topic 129,8952
Topic 129,145254
Topic 129,9620
Topic 129,128498
Topic 129,67336
Topic 129,27775
Topic 129,23174
Topic 129,46300
Topic 129,108550
Topic 129,84368
Topic 129,96402
Topic 129,18312
Topic 130,39033
Topic 130,61801
Topic 130,47588
Topic 130,33839
Topic 130,79605
Topic 130,20831
Topic 130,127000
Topic 130,93376
Topic 130,105203
Topic 130,104147
Topic 130,146054
Topic 130,36355
Topic 130,23019
Topic 130,58100
Topic 130,72896
Topic 130,83910
Topic 130,132188
Topic 130,21142
Topic 130,48618
Topic 130,60403
Topic 130,9414
Topic 130,116279
Topic 130,47117
Topic 130,43621
Topic 130,70313
Topic 131,133705
Topic 131,113688
Topic 131,80095
Topic 131,44107
Topic 131,67065
Topic 131,141309
Topic 131,138980
Topic 131,111594
Topic 131,4574
Topic 131,55961
Topic 131,132495
Topic 131,2014
Topic 131,4149
Topic 131,21193
Topic 131,35605
Topic 131,68366
Topic 131,41434
Topic 131,88476
Topic 131,133772
Topic 131,62288
Topic 131,5527
Topic 131,40643
Topic 131,89675
Topic 131,116262
Topic 131,45917
Topic 132,40643
Topic 132,101855
Topic 132,25215
Topic 132,28064
Topic 132,6480
Topic 132,77661
Topic 132,27945
Topic 132,143481
Topic 132,66593
Topic 132,77646
Topic 132,68366
Topic 132,28664
Topic 132,4188
Topic 132,105781
Topic 132,68622
Topic 132,71990
Topic 132,55961
Topic 132,28262
Topic 132,45911
Topic 132,42049
Topic 132,97868
Topic 132,15534
Topic 132,103717
Topic 132,149538
Topic 132,37220
Topic 133,16634
Topic 133,80580
Topic 133,84167
Topic 133,15784
Topic 133,61302
Topic 133,60638
Topic 133,46199
Topic 133,88588
Topic 133,20371
Topic 133,74172
Topic 133,80556
Topic 133,40837
Topic 133,21283
Topic 133,84762
Topic 133,44270
Topic 133,1553
Topic 133,3621
Topic 133,56581
Topic 133,38026
Topic 133,55555
Topic 133,44896
Topic 133,42364
Topic 133,102821
Topic 133,85929
Topic 133,84663
Topic 134,140173
Topic 134,72330
Topic 134,55062
Topic 134,53748
Topic 134,120372
Topic 134,9805
Topic 134,60388
Topic 134,54848
Topic 134,49882
Topic 134,70802
Topic 134,6135
Topic 134,89088
Topic 134,108935
Topic 134,125610
Topic 134,48454
Topic 134,32778
Topic 134,45470
Topic 134,145667
Topic 134,88250
Topic 134,96407
Topic 134,82141
Topic 134,68034
Topic 134,55437
Topic 134,68185
Topic 134,101761
Topic 135,87458
Topic 135,100256
Topic 135,30082
Topic 135,35485
Topic 135,42246
Topic 135,111365
Topic 135,17606
Topic 135,77558
Topic 135,6201
Topic 135,22697
Topic 135,9126
Topic 135,9385
Topic 135,45562
Topic 135,40222
Topic 135,59786
Topic 135,42528
Topic 135,7593
Topic 135,83906
Topic 135,17085
Topic 135,18032
Topic 135,46184
Topic 135,112678
Topic 135,33786
Topic 135,100473
Topic 135,21021
Topic 136,105803
Topic 136,94658
Topic 136,50602
Topic 136,60817
Topic 136,12954
Topic 136,63430
Topic 136,138837
Topic 136,14334
Topic 136,43834
Topic 136,117200
Topic 136,12880
Topic 136,7268
Topic 136,24797
Topic 136,13728
Topic 136,47621
Topic 136,58950
Topic 136,88534
Topic 136,28503
Topic 136,12203
Topic 136,47953
Topic 136,22204
Topic 136,60970
Topic 136,52452
Topic 136,52616
Topic 136,12014
Topic 137,116279
Topic 137,45841
Topic 137,21142
Topic 137,145257
Topic 137,33839
Topic 137,148654
Topic 137,20831
Topic 137,54183
Topic 137,66888
Topic 137,109690
Topic 137,11268
Topic 137,46809
Topic 137,83910
Topic 137,92232
Topic 137,26515
Topic 137,25016
Topic 137,51653
Topic 137,60445
Topic 137,69073
Topic 137,72896
Topic 137,1037
Topic 137,140229
Topic 137,96697
Topic 137,133770
Topic 137,41848
Topic 138,145257
Topic 138,62434
Topic 138,80278
Topic 138,149257
Topic 138,65951
Topic 138,42527
Topic 138,58117
Topic 138,71034
Topic 138,24233
Topic 138,127009
Topic 138,79990
Topic 138,96885
Topic 138,69543
Topic 138,45121
Topic 138,143414
Topic 138,111070
Topic 138,130814
Topic 138,23046
Topic 138,105203
Topic 138,65139
Topic 138,93237
Topic 138,47094
Topic 138,12915
Topic 138,57621
Topic 138,96888
Topic 139,103084
Topic 139,9569
Topic 139,81794
Topic 139,55798
Topic 139,9455
Topic 139,87261
Topic 139,54575
Topic 139,64535
Topic 139,42789
Topic 139,53589
Topic 139,42082
Topic 139,26293
Topic 139,32183
Topic 139,54576
Topic 139,37550
Topic 139,63245
Topic 139,126561
Topic 139,22090
Topic 139,105190
Topic 139,28787
Topic 139,64657
Topic 139,65170
Topic 139,47697
Topic 139,51837
Topic 139,18249
Topic 140,34053
Topic 140,17821
Topic 140,32974
Topic 140,23734
Topic 140,54336
Topic 140,38427
Topic 140,46985
Topic 140,13909
Topic 140,59968
Topic 140,64175
Topic 140,69477
Topic 140,89067
Topic 140,94598
Topic 140,126945
Topic 140,91145
Topic 140,87774
Topic 140,82042
Topic 140,66007
Topic 140,52846
Topic 140,87189
Topic 140,77272
Topic 140,67796
Topic 140,72274
Topic 140,104667
Topic 140,113774
Topic 141,9569
Topic 141,55798
Topic 141,42789
Topic 141,42082
Topic 141,26293
Topic 141,26288
Topic 141,53589
Topic 141,126561
Topic 141,27957
Topic 141,54575
Topic 141,37550
Topic 141,9455
Topic 141,81794
Topic 141,10175
Topic 141,87139
Topic 141,52945
Topic 141,12904
Topic 141,84872
Topic 141,96337
Topic 141,80774
Topic 141,100252
Topic 141,55796
Topic 141,108672
Topic 141,109910
Topic 141,87141
Topic 142,19418
Topic 142,36003
Topic 142,9921
Topic 142,147219
Topic 142,56829
Topic 142,125545
Topic 142,23624
Topic 142,18161
Topic 142,53137
Topic 142,65392
Topic 142,111413
Topic 142,103692
Topic 142,21465
Topic 142,142115
Topic 142,69619
Topic 142,66868
Topic 142,64656
Topic 142,896
Topic 142,6623
Topic 142,16336
Topic 142,25204
Topic 142,90776
Topic 142,22534
Topic 142,20859
Topic 142,104765
Topic 143,112102
Topic 143,116393
Topic 143,90777
Topic 143,112716
Topic 143,18518
Topic 143,113466
Topic 143,75525
Topic 143,36770
Topic 143,65305
Topic 143,63298
Topic 143,94658
Topic 143,49282
Topic 143,22139
Topic 143,87848
Topic 143,80580
Topic 143,83583
Topic 143,19822
Topic 143,117253
Topic 143,49582
Topic 143,60571
Topic 143,37346
Topic 143,104192
Topic 143,42882
Topic 143,15431
Topic 143,42528
Topic 144,20465
Topic 144,82384
Topic 144,88461
Topic 144,71024
Topic 144,42948
Topic 144,26455
Topic 144,26249
Topic 144,19421
Topic 144,56883
Topic 144,37731
Topic 144,33835
Topic 144,32882
Topic 144,51990
Topic 144,62685
Topic 144,65768
Topic 144,71992
Topic 144,24842
Topic 144,82761
Topic 144,25012
Topic 144,141113
Topic 144,79085
Topic 144,61001
Topic 144,58644
Topic 144,25960
Topic 144,16378
Topic 145,21487
Topic 145,50014
Topic 145,31535
Topic 145,84063
Topic 145,64861
Topic 145,141779
Topic 145,8454
Topic 145,2126
Topic 145,137564
Topic 145,88355
Topic 145,72896
Topic 145,4462
Topic 145,146146
Topic 145,96888
Topic 145,76674
Topic 145,42882
Topic 145,36271
Topic 145,129906
Topic 145,22076
Topic 145,11453
Topic 145,10678
Topic 145,136690
Topic 145,106468
Topic 145,98132
Topic 145,31948
Topic 146,22204
Topic 146,23007
Topic 146,25131
Topic 146,74605
Topic 146,88279
Topic 146,5598
Topic 146,47257
Topic 146,71954
Topic 146,83978
Topic 146,39821
Topic 146,8390
Topic 146,13804
Topic 146,21748
Topic 146,5939
Topic 146,52874
Topic 146,37578
Topic 146,54831
Topic 146,64120
Topic 146,47737
Topic 146,41965
Topic 146,77554
Topic 146,33349
Topic 146,33412
Topic 146,32746
Topic 146,27809
Topic 147,44761
Topic 147,93371
Topic 147,3910
Topic 147,18062
Topic 147,142596
Topic 147,71024
Topic 147,16378
Topic 147,18057
Topic 147,67012
Topic 147,138148
Topic 147,130309
Topic 147,79085
Topic 147,43279
Topic 147,71992
Topic 147,37545
Topic 147,61001
Topic 147,79367
Topic 147,84582
Topic 147,116445
Topic 147,26249
Topic 147,48990
Topic 147,94597
Topic 147,45209
Topic 147,149216
Topic 147,16523
Topic 148,42766
Topic 148,25054
Topic 148,104369
Topic 148,112351
Topic 148,130787
Topic 148,64520
Topic 148,61286
Topic 148,71882
Topic 148,36946
Topic 148,148476
Topic 148,77907
Topic 148,29799
Topic 148,108545
Topic 148,146388
Topic 148,17186
Topic 148,29498
Topic 148,47893
Topic 148,145550
Topic 148,62603
Topic 148,108345
Topic 148,82440
Topic 148,19194
Topic 148,102565
Topic 148,81078
Topic 148,22315
Topic 149,17951
Topic 149,18420
Topic 149,26411
Topic 149,139132
Topic 149,16523
Topic 149,60141
Topic 149,31535
Topic 149,37477
Topic 149,141113
Topic 149,30315
Topic 149,82761
Topic 149,15833
Topic 149,49852
Topic 149,61001
Topic 149,64202
Topic 149,85943
Topic 149,145739
Topic 149,79085
Topic 149,110496
Topic 149,79367
Topic 149,22418
Topic 149,32131
Topic 149,54378
Topic 149,84534
Topic 149,37731
Topic 150,135130
Topic 150,12992
Topic 150,36354
Topic 150,43805
Topic 150,14166
Topic 150,60242
Topic 150,8949
Topic 150,57779
Topic 150,84874
Topic 150,27977
Topic 150,113540
Topic 150,31535
Topic 150,111708
Topic 150,143108
Topic 150,4228
Topic 150,24996
Topic 150,68559
Topic 150,60462
Topic 150,25827
Topic 150,24670
Topic 150,145502
Topic 150,8133
Topic 150,37014
Topic 150,113500
Topic 150,46646
Topic 151,93985
Topic 151,4683
Topic 151,110050
Topic 151,45956
Topic 151,979
Topic 151,82976
Topic 151,3437
Topic 151,45435
Topic 151,103721
Topic 151,41673
Topic 151,71046
Topic 151,3703
Topic 151,84063
Topic 151,53801
Topic 151,529
Topic 151,40449
Topic 151,75011
Topic 151,39331
Topic 151,38012
Topic 151,47922
Topic 151,137019
Topic 151,72593
Topic 151,15914
Topic 151,115352
Topic 151,47192
Topic 152,100450
Topic 152,124456
Topic 152,1465
Topic 152,25279
Topic 152,111093
Topic 152,53894
Topic 152,35713
Topic 152,64186
Topic 152,29972
Topic 152,84757
Topic 152,144341
Topic 152,114348
Topic 152,47192
Topic 152,22480
Topic 152,45720
Topic 152,21935
Topic 152,55784
Topic 152,25785
Topic 152,94989
Topic 152,53337
Topic 152,80207
Topic 152,102084
Topic 152,125962
Topic 152,130727
Topic 152,92313
Topic 153,9516
Topic 153,19339
Topic 153,40117
Topic 153,107280
Topic 153,51990
Topic 153,58421
Topic 153,28451
Topic 153,45902
Topic 153,64143
Topic 153,78727
Topic 153,22972
Topic 153,135130
Topic 153,113922
Topic 153,48890
Topic 153,9269
Topic 153,60462
Topic 153,26935
Topic 153,34397
Topic 153,44104
Topic 153,10709
Topic 153,10677
Topic 153,37545
Topic 153,84502
Topic 153,36346
Topic 153,11856
Topic 154,19418
Topic 154,41388
Topic 154,18161
Topic 154,33797
Topic 154,61957
Topic 154,48971
Topic 154,99513
Topic 154,145984
Topic 154,112617
Topic 154,16913
Topic 154,89353
Topic 154,47469
Topic 154,113242
Topic 154,92903
Topic 154,53309
Topic 154,138137
Topic 154,24278
Topic 154,45491
Topic 154,258
Topic 154,11320
Topic 154,9540
Topic 154,1975
Topic 154,22997
Topic 154,24048
Topic 154,64714
Topic 155,18161
Topic 155,19418
Topic 155,94906
Topic 155,60944
Topic 155,65332
Topic 155,71069
Topic 155,19981
Topic 155,95496
Topic 155,41388
Topic 155,76423
Topic 155,14475
Topic 155,78582
Topic 155,118154
Topic 155,22299
Topic 155,10024
Topic 155,50755
Topic 155,71114
Topic 155,5423
Topic 155,69566
Topic 155,58692
Topic 155,95755
Topic 155,15782
Topic 155,84150
Topic 155,76836
Topic 155,79120
Topic 156,65332
Topic 156,54963
Topic 156,48892
Topic 156,51494
Topic 156,30628
Topic 156,96401
Topic 156,16378
Topic 156,99827
Topic 156,58382
Topic 156,17085
Topic 156,13965
Topic 156,54645
Topic 156,140768
Topic 156,48554
Topic 156,34089
Topic 156,49254
Topic 156,61536
Topic 156,104287
Topic 156,117560
Topic 156,95496
Topic 156,54565
Topic 156,66167
Topic 156,34710
Topic 156,60944
Topic 156,69566
Topic 157,87241
Topic 157,142843
Topic 157,47928
Topic 157,14293
Topic 157,91473
Topic 157,27612
Topic 157,127335
Topic 157,61366
Topic 157,15705
Topic 157,118701
Topic 157,108678
Topic 157,35185
Topic 157,42793
Topic 157,91728
Topic 157,35260
Topic 157,92917
Topic 157,42887
Topic 157,63833
Topic 157,50476
Topic 157,6989
Topic 157,50558
Topic 157,33786
Topic 157,76998
Topic 157,23793
Topic 157,47241
Topic 158,26182
Topic 158,147936
Topic 158,145793
Topic 158,46172
Topic 158,78095
Topic 158,53730
Topic 158,10882
Topic 158,22224
Topic 158,64070
Topic 158,73298
Topic 158,61313
Topic 158,80229
Topic 158,48759
Topic 158,33888
Topic 158,74716
Topic 158,55447
Topic 158,149545
Topic 158,105489
Topic 158,83901
Topic 158,136731
Topic 158,81388
Topic 158,40319
Topic 158,91661
Topic 158,20597
Topic 158,20696
Topic 159,79171
Topic 159,21490
Topic 159,100969
Topic 159,14271
Topic 159,71944
Topic 159,1839
Topic 159,2213
Topic 159,34935
Topic 159,40458
Topic 159,31766
Topic 159,3571
Topic 159,89557
Topic 159,23776
Topic 159,99651
Topic 159,34689
Topic 159,118451
Topic 159,1260
Topic 159,78033
Topic 159,121891
Topic 159,3857
Topic 159,19028
Topic 159,55014
Topic 159,45864
Topic 159,30649
Topic 159,5143
Topic 160,55444
Topic 160,135130
Topic 160,13195
Topic 160,113358
Topic 160,82706
Topic 160,100681
Topic 160,138824
Topic 160,99864
Topic 160,33774
Topic 160,106448
Topic 160,62189
Topic 160,105715
Topic 160,8999
Topic 160,68486
Topic 160,61892
Topic 160,26445
Topic 160,44020
Topic 160,42177
Topic 160,57779
Topic 160,60815
Topic 160,80889
Topic 160,47856
Topic 160,22216
Topic 160,19767
Topic 160,3650
Topic 161,84757
Topic 161,56279
Topic 161,6125
Topic 161,6768
Topic 161,47192
Topic 161,10289
Topic 161,60960
Topic 161,97537
Topic 161,1698
Topic 161,66003
Topic 161,33690
Topic 161,9742
Topic 161,35123
Topic 161,14418
Topic 161,46032
Topic 161,43259
Topic 161,138334
Topic 161,101250
Topic 161,144346
Topic 161,87241
Topic 161,142682
Topic 161,104778
Topic 161,105521
Topic 161,69631
Topic 161,47105
Topic 162,11254
Topic 162,53768
Topic 162,126991
Topic 162,138190
Topic 162,41047
Topic 162,56833
Topic 162,141926
Topic 162,33899
Topic 162,72879
Topic 162,70409
Topic 162,3839
Topic 162,83905
Topic 162,44487
Topic 162,41669
Topic 162,32529
Topic 162,142999
Topic 162,90730
Topic 162,64259
Topic 162,103736
Topic 162,50264
Topic 162,67852
Topic 162,86279
Topic 162,100245
Topic 162,64859
Topic 162,79116
Topic 163,81661
Topic 163,91473
Topic 163,74309
Topic 163,48221
Topic 163,127335
Topic 163,47928
Topic 163,78517
Topic 163,87241
Topic 163,50873
Topic 163,61790
Topic 163,86523
Topic 163,83638
Topic 163,89839
Topic 163,73732
Topic 163,98032
Topic 163,22313
Topic 163,70231
Topic 163,90543
Topic 163,117833
Topic 163,89397
Topic 163,86630
Topic 163,109838
Topic 163,33045
Topic 163,91078
Topic 163,107181
Topic 164,61280
Topic 164,132048
Topic 164,23628
Topic 164,44544
Topic 164,7469
Topic 164,13773
Topic 164,140249
Topic 164,87249
Topic 164,7879
Topic 164,10504
Topic 164,10150
Topic 164,51174
Topic 164,79273
Topic 164,10764
Topic 164,20798
Topic 164,69424
Topic 164,103062
Topic 164,65573
Topic 164,3609
Topic 164,46104
Topic 164,19013
Topic 164,65184
Topic 164,19832
Topic 164,107743
Topic 164,113167
Topic 165,19064
Topic 165,23947
Topic 165,133166
Topic 165,51546
Topic 165,41445
Topic 165,72965
Topic 165,10756
Topic 165,69824
Topic 165,17239
Topic 165,37806
Topic 165,93506
Topic 165,67248
Topic 165,109900
Topic 165,113929
Topic 165,10222
Topic 165,70179
Topic 165,17348
Topic 165,97415
Topic 165,138962
Topic 165,25595
Topic 165,143083
Topic 165,112486
Topic 165,2898
Topic 165,87801
Topic 165,62630
Topic 166,32606
Topic 166,61135
Topic 166,112376
Topic 166,56824
Topic 166,62620
Topic 166,69344
Topic 166,29978
Topic 166,53281
Topic 166,115921
Topic 166,77974
Topic 166,68876
Topic 166,84757
Topic 166,107746
Topic 166,88573
Topic 166,133468
Topic 166,54739
Topic 166,41275
Topic 166,80775
Topic 166,58028
Topic 166,117794
Topic 166,42126
Topic 166,29085
Topic 166,12302
Topic 166,13
Topic 166,57435
Topic 167,16867
Topic 167,26445
Topic 167,26504
Topic 167,47906
Topic 167,62636
Topic 167,86226
Topic 167,86901
Topic 167,16881
Topic 167,19136
Topic 167,46475
Topic 167,56232
Topic 167,16710
Topic 167,9563
Topic 167,148020
Topic 167,70990
Topic 167,60245
Topic 167,82403
Topic 167,80245
Topic 167,126404
Topic 167,11270
Topic 167,20800
Topic 167,84150
Topic 167,111279
Topic 167,16264
Topic 167,136720
Topic 168,72879
Topic 168,132041
Topic 168,23097
Topic 168,9848
Topic 168,30622
Topic 168,59947
Topic 168,94615
Topic 168,70409
Topic 168,49466
Topic 168,41619
Topic 168,68548
Topic 168,78292
Topic 168,109838
Topic 168,46968
Topic 168,94726
Topic 168,3855
Topic 168,85427
Topic 168,107484
Topic 168,88154
Topic 168,77008
Topic 168,77578
Topic 168,78801
Topic 168,59254
Topic 168,44859
Topic 168,75002
Topic 169,42973
Topic 169,44119
Topic 169,108494
Topic 169,24863
Topic 169,26557
Topic 169,88864
Topic 169,41712
Topic 169,83690
Topic 169,12867
Topic 169,80235
Topic 169,12039
Topic 169,20081
Topic 169,33354
Topic 169,114565
Topic 169,57323
Topic 169,55685
Topic 169,27073
Topic 169,79124
Topic 169,144009
Topic 169,92904
Topic 169,12884
Topic 169,43748
Topic 169,55229
Topic 169,140208
Topic 169,2228
Topic 170,14097
Topic 170,41842
Topic 170,46605
Topic 170,35355
Topic 170,49134
Topic 170,27995
Topic 170,40176
Topic 170,127896
Topic 170,69218
Topic 170,117794
Topic 170,78592
Topic 170,75230
Topic 170,57481
Topic 170,65184
Topic 170,76945
Topic 170,55291
Topic 170,112807
Topic 170,92010
Topic 170,13132
Topic 170,21500
Topic 170,11345
Topic 170,39015
Topic 170,31483
Topic 170,69344
Topic 170,46013
Topic 171,43659
Topic 171,72879
Topic 171,30622
Topic 171,54923
Topic 171,99568
Topic 171,61280
Topic 171,57567
Topic 171,100389
Topic 171,138190
Topic 171,106437
Topic 171,67852
Topic 171,45522
Topic 171,64063
Topic 171,26118
Topic 171,14760
Topic 171,76122
Topic 171,15046
Topic 171,19746
Topic 171,45190
Topic 171,112001
Topic 171,55877
Topic 171,96279
Topic 171,23026
Topic 171,116652
Topic 171,535
Topic 172,26517
Topic 172,69060
Topic 172,16415
Topic 172,21038
Topic 172,36281
Topic 172,61117
Topic 172,125612
Topic 172,95752
Topic 172,141682
Topic 172,72559
Topic 172,22295
Topic 172,56676
Topic 172,80919
Topic 172,47330
Topic 172,88672
Topic 172,12313
Topic 172,96047
Topic 172,75239
Topic 172,95597
Topic 172,39975
Topic 172,138962
Topic 172,40319
Topic 172,133150
Topic 172,15950
Topic 172,59325
Topic 173,10764
Topic 173,9453
Topic 173,36712
Topic 173,10504
Topic 173,97424
Topic 173,69944
Topic 173,90205
Topic 173,27383
Topic 173,87249
Topic 173,41135
Topic 173,82983
Topic 173,63373
Topic 173,20798
Topic 173,63848
Topic 173,68111
Topic 173,127243
Topic 173,51174
Topic 173,29702
Topic 173,54926
Topic 173,134843
Topic 173,47160
Topic 173,85360
Topic 173,68850
Topic 173,76186
Topic 173,58247
Topic 174,113922
Topic 174,90430
Topic 174,66725
Topic 174,20390
Topic 174,13532
Topic 174,60986
Topic 174,4927
Topic 174,111599
Topic 174,7261
Topic 174,86352
Topic 174,11936
Topic 174,23541
Topic 174,73019
Topic 174,78727
Topic 174,22389
Topic 174,86226
Topic 174,11521
Topic 174,14961
Topic 174,97834
Topic 174,102249
Topic 174,56599
Topic 174,62472
Topic 174,56552
Topic 174,138981
Topic 174,17687
Topic 175,17348
Topic 175,78379
Topic 175,16914
Topic 175,119295
Topic 175,61715
Topic 175,5586
Topic 175,69060
Topic 175,101178
Topic 175,37552
Topic 175,107280
Topic 175,61902
Topic 175,141825
Topic 175,62462
Topic 175,106108
Topic 175,55975
Topic 175,79277
Topic 175,144481
Topic 175,59907
Topic 175,58
Topic 175,140726
Topic 175,97097
Topic 175,80861
Topic 175,38586
Topic 175,21354
Topic 175,43063
Topic 176,84362
Topic 176,58028
Topic 176,18761
Topic 176,32908
Topic 176,41476
Topic 176,81205
Topic 176,91497
Topic 176,78464
Topic 176,85947
Topic 176,63085
Topic 176,77974
Topic 176,17341
Topic 176,36281
Topic 176,605
Topic 176,18710
Topic 176,64708
Topic 176,17348
Topic 176,112974
Topic 176,39162
Topic 176,43733
Topic 176,34886
Topic 176,81497
Topic 176,101352
Topic 176,45734
Topic 176,11748
Topic 177,10127
Topic 177,58247
Topic 177,54739
Topic 177,68968
Topic 177,11653
Topic 177,103961
Topic 177,89255
Topic 177,131745
Topic 177,73778
Topic 177,21761
Topic 177,40055
Topic 177,90205
Topic 177,39215
Topic 177,94650
Topic 177,59907
Topic 177,54926
Topic 177,67508
Topic 177,74582
Topic 177,38390
Topic 177,67939
Topic 177,23729
Topic 177,88385
Topic 177,146032
Topic 177,110600
Topic 177,12105
Topic 178,50877
Topic 178,10127
Topic 178,1041
Topic 178,104275
Topic 178,16264
Topic 178,68223
Topic 178,18891
Topic 178,14383
Topic 178,63383
Topic 178,10039
Topic 178,35355
Topic 178,137293
Topic 178,57093
Topic 178,72067
Topic 178,92639
Topic 178,110600
Topic 178,41009
Topic 178,51648
Topic 178,60502
Topic 178,127004
Topic 178,13132
Topic 178,21532
Topic 178,44664
Topic 178,42931
Topic 178,67625
Topic 179,101943
Topic 179,1269
Topic 179,72584
Topic 179,64174
Topic 179,65513
Topic 179,79793
Topic 179,39088
Topic 179,140726
Topic 179,54741
Topic 179,7111
Topic 179,26210
Topic 179,127326
Topic 179,66920
Topic 179,23767
Topic 179,26296
Topic 179,67713
Topic 179,85753
Topic 179,58716
Topic 179,2228
Topic 179,62707
Topic 179,66109
Topic 179,88442
Topic 179,4783
Topic 179,51040
Topic 179,46163
Topic 180,11767
Topic 180,20516
Topic 180,68501
Topic 180,145545
Topic 180,5934
Topic 180,32658
Topic 180,47924
Topic 180,38167
Topic 180,144958
Topic 180,31433
Topic 180,21215
Topic 180,94300
Topic 180,80926
Topic 180,9549
Topic 180,90141
Topic 180,32896
Topic 180,5574
Topic 180,142378
Topic 180,803
Topic 180,9017
Topic 180,5632
Topic 180,80780
Topic 180,13912
Topic 180,111155
Topic 180,50271
Topic 181,139413
Topic 181,16581
Topic 181,10132
Topic 181,9294
Topic 181,1664
Topic 181,142819
Topic 181,58158
Topic 181,75033
Topic 181,13184
Topic 181,29365
Topic 181,13310
Topic 181,36163
Topic 181,115535
Topic 181,109586
Topic 181,107039
Topic 181,44245
Topic 181,33779
Topic 181,79667
Topic 181,76651
Topic 181,111705
Topic 181,61571
Topic 181,15240
Topic 181,36735
Topic 181,15970
Topic 181,32006
Topic 182,69448
Topic 182,35117
Topic 182,50171
Topic 182,5452
Topic 182,52146
Topic 182,145571
Topic 182,136726
Topic 182,72551
Topic 182,88679
Topic 182,86912
Topic 182,23541
Topic 182,17432
Topic 182,64360
Topic 182,11264
Topic 182,11652
Topic 182,3169
Topic 182,89584
Topic 182,57963
Topic 182,4254
Topic 182,706
Topic 182,107669
Topic 182,140427
Topic 182,15769
Topic 182,42305
Topic 182,62464
Topic 183,65681
Topic 183,26343
Topic 183,9710
Topic 183,16599
Topic 183,81748
Topic 183,107598
Topic 183,8248
Topic 183,62932
Topic 183,29516
Topic 183,26804
Topic 183,54997
Topic 183,69198
Topic 183,109381
Topic 183,93204
Topic 183,38158
Topic 183,37324
Topic 183,32433
Topic 183,97773
Topic 183,94238
Topic 183,117764
Topic 183,64556
Topic 183,5539
Topic 183,92829
Topic 183,42961
Topic 183,37905
Topic 184,97099
Topic 184,56833
Topic 184,1604
Topic 184,64904
Topic 184,116094
Topic 184,8323
Topic 184,95434
Topic 184,74180
Topic 184,28605
Topic 184,60370
Topic 184,4998
Topic 184,38783
Topic 184,112002
Topic 184,20202
Topic 184,45720
Topic 184,67587
Topic 184,64139
Topic 184,59706
Topic 184,1861
Topic 184,38727
Topic 184,29813
Topic 184,72568
Topic 184,69783
Topic 184,66725
Topic 184,48470
Topic 185,45342
Topic 185,112376
Topic 185,106306
Topic 185,41622
Topic 185,5703
Topic 185,116000
Topic 185,32908
Topic 185,124330
Topic 185,79026
Topic 185,18987
Topic 185,12188
Topic 185,62620
Topic 185,16314
Topic 185,54543
Topic 185,24863
Topic 185,69060
Topic 185,34511
Topic 185,3331
Topic 185,8556
Topic 185,40131
Topic 185,144653
Topic 185,31546
Topic 185,31993
Topic 185,115535
Topic 185,10007
Topic 186,11767
Topic 186,145545
Topic 186,20516
Topic 186,47549
Topic 186,44497
Topic 186,8784
Topic 186,1288
Topic 186,21215
Topic 186,7368
Topic 186,10721
Topic 186,28245
Topic 186,9211
Topic 186,46046
Topic 186,107014
Topic 186,19211
Topic 186,102806
Topic 186,82150
Topic 186,143754
Topic 186,145732
Topic 186,803
Topic 186,2962
Topic 186,6506
Topic 186,102653
Topic 186,76171
Topic 186,31269
Topic 187,8248
Topic 187,4975
Topic 187,104584
Topic 187,64156
Topic 187,37573
Topic 187,50877
Topic 187,67781
Topic 187,22408
Topic 187,109095
Topic 187,95317
Topic 187,148297
Topic 187,116563
Topic 187,69827
Topic 187,58988
Topic 187,3815
Topic 187,55406
Topic 187,107195
Topic 187,61615
Topic 187,59898
Topic 187,11166
Topic 187,103679
Topic 187,55394
Topic 187,73298
Topic 187,100357
Topic 187,4683
Topic 188,43126
Topic 188,5897
Topic 188,79185
Topic 188,148588
Topic 188,94900
Topic 188,25856
Topic 188,5607
Topic 188,8632
Topic 188,20272
Topic 188,7424
Topic 188,16260
Topic 188,61025
Topic 188,9063
Topic 188,116091
Topic 188,7957
Topic 188,8556
Topic 188,32214
Topic 188,84283
Topic 188,101280
Topic 188,1007
Topic 188,46592
Topic 188,60853
Topic 188,5627
Topic 188,53855
Topic 188,17971
Topic 189,106716
Topic 189,9138
Topic 189,115395
Topic 189,139413
Topic 189,137926
Topic 189,145545
Topic 189,97537
Topic 189,115913
Topic 189,35817
Topic 189,6985
Topic 189,54378
Topic 189,111705
Topic 189,30622
Topic 189,2991
Topic 189,138190
Topic 189,139120
Topic 189,132780
Topic 189,45996
Topic 189,78872
Topic 189,11847
Topic 189,25159
Topic 189,115488
Topic 189,54098
Topic 189,84757
Topic 189,69521
Topic 190,143426
Topic 190,58590
Topic 190,77073
Topic 190,61440
Topic 190,39975
Topic 190,77142
Topic 190,22518
Topic 190,16864
Topic 190,13849
Topic 190,42081
Topic 190,115848
Topic 190,56128
Topic 190,35553
Topic 190,58652
Topic 190,40579
Topic 190,106721
Topic 190,114379
Topic 190,16910
Topic 190,22521
Topic 190,26451
Topic 190,28674
Topic 190,49769
Topic 190,135178
Topic 190,59338
Topic 190,82294
Topic 191,115395
Topic 191,67495
Topic 191,76690
Topic 191,89068
Topic 191,144352
Topic 191,55630
Topic 191,40429
Topic 191,878
Topic 191,111705
Topic 191,41511
Topic 191,81675
Topic 191,61682
Topic 191,24159
Topic 191,67133
Topic 191,62574
Topic 191,23322
Topic 191,52300
Topic 191,130174
Topic 191,58554
Topic 191,40243
Topic 191,144638
Topic 191,106864
Topic 191,61516
Topic 191,2991
Topic 191,41433
Topic 192,106864
Topic 192,64621
Topic 192,27627
Topic 192,40135
Topic 192,18362
Topic 192,141691
Topic 192,73690
Topic 192,47533
Topic 192,143086
Topic 192,40189
Topic 192,4975
Topic 192,52870
Topic 192,113533
Topic 192,38533
Topic 192,38687
Topic 192,9634
Topic 192,93679
Topic 192,106018
Topic 192,86851
Topic 192,84251
Topic 192,1485
Topic 192,26266
Topic 192,11769
Topic 192,29858
Topic 192,67013
Topic 193,20635
Topic 193,31927
Topic 193,46527
Topic 193,144855
Topic 193,76241
Topic 193,39599
Topic 193,12171
Topic 193,21498
Topic 193,34626
Topic 193,149444
Topic 193,29804
Topic 193,18468
Topic 193,48092
Topic 193,54109
Topic 193,81572
Topic 193,15141
Topic 193,40785
Topic 193,9883
Topic 193,47016
Topic 193,124630
Topic 193,4389
Topic 193,110600
Topic 193,41025
Topic 193,81186
Topic 193,38895
Topic 194,101173
Topic 194,102366
Topic 194,63216
Topic 194,139847
Topic 194,31955
Topic 194,3879
Topic 194,42878
Topic 194,113693
Topic 194,82980
Topic 194,69504
Topic 194,20393
Topic 194,35703
Topic 194,103673
Topic 194,117775
Topic 194,68772
Topic 194,100242
Topic 194,59239
Topic 194,14771
Topic 194,32545
Topic 194,124155
Topic 194,521
Topic 194,89389
Topic 194,119887
Topic 194,106089
Topic 194,89381
Topic 195,18362
Topic 195,8640
Topic 195,3985
Topic 195,20152
Topic 195,144352
Topic 195,24025
Topic 195,85964
Topic 195,11898
Topic 195,47533
Topic 195,43126
Topic 195,1485
Topic 195,20305
Topic 195,42567
Topic 195,93679
Topic 195,32250
Topic 195,32365
Topic 195,34820
Topic 195,10762
Topic 195,39311
Topic 195,22764
Topic 195,33181
Topic 195,5607
Topic 195,68779
Topic 195,30479
Topic 195,40135
Topic 196,143426
Topic 196,26451
Topic 196,77142
Topic 196,42081
Topic 196,42029
Topic 196,89572
Topic 196,39453
Topic 196,59338
Topic 196,13849
Topic 196,16864
Topic 196,26042
Topic 196,144292
Topic 196,45761
Topic 196,10940
Topic 196,59913
Topic 196,68476
Topic 196,82261
Topic 196,74657
Topic 196,33803
Topic 196,111287
Topic 196,54454
Topic 196,20272
Topic 196,25391
Topic 196,44221
Topic 196,53622
Topic 197,15677
Topic 197,137913
Topic 197,909
Topic 197,107885
Topic 197,63578
Topic 197,24972
Topic 197,56295
Topic 197,69792
Topic 197,99263
Topic 197,34944
Topic 197,60765
Topic 197,97860
Topic 197,19838
Topic 197,12603
Topic 197,11112
Topic 197,21804
Topic 197,68476
Topic 197,68295
Topic 197,86975
Topic 197,99876
Topic 197,46426
Topic 197,17179
Topic 197,43030
Topic 197,42760
Topic 197,102804
Topic 198,26229
Topic 198,61969
Topic 198,103404
Topic 198,19895
Topic 198,65576
Topic 198,58554
Topic 198,10769
Topic 198,9139
Topic 198,67495
Topic 198,22755
Topic 198,76690
Topic 198,54901
Topic 198,84831
Topic 198,70566
Topic 198,31264
Topic 198,12198
Topic 198,70909
Topic 198,17369
Topic 198,35409
Topic 198,38444
Topic 198,101254
Topic 198,37705
Topic 198,47258
Topic 198,41511
Topic 198,108945
Topic 199,70101
Topic 199,77565
Topic 199,9128
Topic 199,104880
Topic 199,14501
Topic 199,13777
Topic 199,105461
Topic 199,66766
Topic 199,74722
Topic 199,43073
Topic 199,32947
Topic 199,12019
Topic 199,23898
Topic 199,5617
Topic 199,125313
Topic 199,39486
Topic 199,57384
Topic 199,143426
Topic 199,114473
Topic 199,99251
Topic 199,43603
Topic 199,207
Topic 199,29853
Topic 199,115047
Topic 199,106721
Topic 200,29813
Topic 200,1861
Topic 200,40834
Topic 200,1550
Topic 200,9314
Topic 200,1604
Topic 200,82975
Topic 200,86973
Topic 200,12833
Topic 200,75944
Topic 200,7651
Topic 200,42961
Topic 200,8855
Topic 200,36325
Topic 200,81154
Topic 200,109971
Topic 200,36396
Topic 200,47621
Topic 200,76580
Topic 200,1267
Topic 200,33159
Topic 200,99657
Topic 200,4218
Topic 200,26707
Topic 200,101352
Topic 201,71905
Topic 201,60633
Topic 201,9634
Topic 201,2133
Topic 201,27963
Topic 201,60494
Topic 201,22171
Topic 201,60281
Topic 201,35289
Topic 201,21910
Topic 201,73512
Topic 201,11620
Topic 201,61881
Topic 201,16110
Topic 201,21625
Topic 201,112910
Topic 201,7862
Topic 201,79045
Topic 201,40564
Topic 201,101688
Topic 201,103144
Topic 201,27633
Topic 201,32267
Topic 201,13230
Topic 201,62727
Topic 202,143675
Topic 202,31848
Topic 202,20473
Topic 202,127339
Topic 202,49152
Topic 202,44130
Topic 202,116473
Topic 202,11459
Topic 202,37912
Topic 202,15284
Topic 202,39921
Topic 202,77792
Topic 202,113786
Topic 202,82381
Topic 202,113432
Topic 202,20827
Topic 202,140240
Topic 202,19502
Topic 202,19766
Topic 202,44497
Topic 202,34571
Topic 202,26115
Topic 202,75216
Topic 202,69957
Topic 202,52870
Topic 203,39021
Topic 203,101173
Topic 203,114908
Topic 203,2663
Topic 203,110457
Topic 203,48107
Topic 203,67339
Topic 203,24411
Topic 203,82315
Topic 203,10247
Topic 203,17670
Topic 203,139847
Topic 203,57161
Topic 203,9694
Topic 203,95104
Topic 203,55059
Topic 203,81443
Topic 203,71897
Topic 203,10210
Topic 203,79374
Topic 203,4599
Topic 203,64235
Topic 203,112022
Topic 203,36168
Topic 203,39818
Topic 204,101173
Topic 204,64166
Topic 204,114040
Topic 204,96299
Topic 204,46998
Topic 204,144849
Topic 204,138719
Topic 204,48860
Topic 204,139847
Topic 204,132201
Topic 204,11459
Topic 204,78197
Topic 204,68751
Topic 204,89971
Topic 204,31049
Topic 204,52414
Topic 204,69623
Topic 204,18464
Topic 204,17428
Topic 204,65499
Topic 204,65971
Topic 204,3879
Topic 204,115363
Topic 204,1861
Topic 204,40429
Topic 205,144658
Topic 205,13423
Topic 205,3792
Topic 205,79374
Topic 205,17077
Topic 205,144343
Topic 205,38031
Topic 205,51160
Topic 205,70479
Topic 205,19502
Topic 205,59706
Topic 205,12937
Topic 205,88461
Topic 205,23170
Topic 205,37888
Topic 205,77848
Topic 205,94981
Topic 205,82658
Topic 205,78449
Topic 205,20635
Topic 205,15247
Topic 205,25892
Topic 205,36080
Topic 205,39493
Topic 205,88990
Topic 206,55264
Topic 206,29395
Topic 206,36054
Topic 206,34908
Topic 206,16261
Topic 206,70992
Topic 206,148939
Topic 206,146254
Topic 206,46380
Topic 206,103757
Topic 206,69466
Topic 206,50647
Topic 206,35086
Topic 206,47270
Topic 206,24247
Topic 206,139133
Topic 206,20345
Topic 206,6962
Topic 206,39023
Topic 206,99532
Topic 206,145179
Topic 206,87453
Topic 206,52258
Topic 206,144557
Topic 206,30756
Topic 207,63738
Topic 207,87161
Topic 207,8277
Topic 207,24783
Topic 207,144956
Topic 207,110516
Topic 207,59144
Topic 207,15832
Topic 207,113264
Topic 207,17550
Topic 207,9413
Topic 207,16349
Topic 207,33591
Topic 207,45567
Topic 207,144934
Topic 207,9128
Topic 207,84534
Topic 207,18874
Topic 207,16858
Topic 207,87959
Topic 207,113351
Topic 207,19899
Topic 207,48388
Topic 207,96836
Topic 207,45887
Topic 208,31848
Topic 208,143675
Topic 208,20748
Topic 208,7913
Topic 208,27330
Topic 208,61129
Topic 208,78236
Topic 208,105638
Topic 208,43385
Topic 208,45815
Topic 208,31911
Topic 208,139560
Topic 208,116473
Topic 208,62221
Topic 208,65639
Topic 208,68340
Topic 208,132780
Topic 208,75611
Topic 208,147718
Topic 208,63802
Topic 208,87494
Topic 208,44495
Topic 208,111412
Topic 208,39981
Topic 208,64620
Topic 209,31848
Topic 209,143675
Topic 209,108156
Topic 209,69957
Topic 209,82381
Topic 209,107292
Topic 209,103398
Topic 209,64112
Topic 209,145830
Topic 209,67466
Topic 209,34046
Topic 209,82687
Topic 209,64212
Topic 209,33779
Topic 209,93208
Topic 209,54380
Topic 209,87694
Topic 209,108853
Topic 209,46235
Topic 209,15815
Topic 209,124032
Topic 209,82390
Topic 209,62593
Topic 209,75928
Topic 209,65045
Topic 210,10163
Topic 210,20616
Topic 210,94023
Topic 210,87171
Topic 210,93826
Topic 210,56885
Topic 210,5956
Topic 210,61385
Topic 210,33070
Topic 210,113931
Topic 210,112286
Topic 210,31500
Topic 210,10556
Topic 210,5802
Topic 210,41641
Topic 210,854
Topic 210,26297
Topic 210,25494
Topic 210,12865
Topic 210,45127
Topic 210,103558
Topic 210,88540
Topic 210,30453
Topic 210,59341
Topic 210,30475
Topic 211,143675
Topic 211,31848
Topic 211,26563
Topic 211,82381
Topic 211,133451
Topic 211,69957
Topic 211,106089
Topic 211,107292
Topic 211,103398
Topic 211,98643
Topic 211,118701
Topic 211,17005
Topic 211,13858
Topic 211,126950
Topic 211,108673
Topic 211,50720
Topic 211,42781
Topic 211,26115
Topic 211,13912
Topic 211,44956
Topic 211,62221
Topic 211,48409
Topic 211,85723
Topic 211,42068
Topic 211,64010
Topic 212,43642
Topic 212,76191
Topic 212,70347
Topic 212,48626
Topic 212,99934
Topic 212,44711
Topic 212,24295
Topic 212,6258
Topic 212,19770
Topic 212,16470
Topic 212,67640
Topic 212,3549
Topic 212,84587
Topic 212,144638
Topic 212,130719
Topic 212,87403
Topic 212,103951
Topic 212,93674
Topic 212,26709
Topic 212,43339
Topic 212,3792
Topic 212,25032
Topic 212,77131
Topic 212,11443
Topic 212,19885
Topic 213,35809
Topic 213,42979
Topic 213,41950
Topic 213,26229
Topic 213,55696
Topic 213,67128
Topic 213,19213
Topic 213,8681
Topic 213,35167
Topic 213,116088
Topic 213,4765
Topic 213,143396
Topic 213,3265
Topic 213,42129
Topic 213,67867
Topic 213,41433
Topic 213,91037
Topic 213,69024
Topic 213,20616
Topic 213,17120
Topic 213,68509
Topic 213,9710
Topic 213,42007
Topic 213,50858
Topic 213,1114
Topic 214,17035
Topic 214,36457
Topic 214,43246
Topic 214,77187
Topic 214,53294
Topic 214,144651
Topic 214,37533
Topic 214,89386
Topic 214,78784
Topic 214,53014
Topic 214,68094
Topic 214,9294
Topic 214,23928
Topic 214,15819
Topic 214,115498
Topic 214,61630
Topic 214,147073
Topic 214,11175
Topic 214,10163
Topic 214,8681
Topic 214,67463
Topic 214,8337
Topic 214,144284
Topic 214,108180
Topic 214,44424
Topic 215,54867
Topic 215,58554
Topic 215,72887
Topic 215,106076
Topic 215,44108
Topic 215,2423
Topic 215,42350
Topic 215,3714
Topic 215,9717
Topic 215,68564
Topic 215,42382
Topic 215,85517
Topic 215,27419
Topic 215,81439
Topic 215,124327
Topic 215,7376
Topic 215,8411
Topic 215,30950
Topic 215,3282
Topic 215,144849
Topic 215,81296
Topic 215,42542
Topic 215,8239
Topic 215,114457
Topic 215,67969
Topic 216,72071
Topic 216,114479
Topic 216,57813
Topic 216,44242
Topic 216,7883
Topic 216,6253
Topic 216,104355
Topic 216,40926
Topic 216,39647
Topic 216,109413
Topic 216,106302
Topic 216,48119
Topic 216,62293
Topic 216,8654
Topic 216,69281
Topic 216,64918
Topic 216,41994
Topic 216,13884
Topic 216,5031
Topic 216,39317
Topic 216,107892
Topic 216,9031
Topic 216,7131
Topic 216,62881
Topic 216,23368
Topic 217,16106
Topic 217,127340
Topic 217,64836
Topic 217,144651
Topic 217,79576
Topic 217,142504
Topic 217,62837
Topic 217,144286
Topic 217,14985
Topic 217,67843
Topic 217,68228
Topic 217,45028
Topic 217,64735
Topic 217,88190
Topic 217,56516
Topic 217,110559
Topic 217,82693
Topic 217,139255
Topic 217,15819
Topic 217,68553
Topic 217,148021
Topic 217,103984
Topic 217,68953
Topic 217,17035
Topic 217,19239
Topic 218,59144
Topic 218,100969
Topic 218,48364
Topic 218,28061
Topic 218,32945
Topic 218,74706
Topic 218,20473
Topic 218,109062
Topic 218,5237
Topic 218,141131
Topic 218,35817
Topic 218,78453
Topic 218,112952
Topic 218,20272
Topic 218,33391
Topic 218,12739
Topic 218,52870
Topic 218,57379
Topic 218,50919
Topic 218,67265
Topic 218,121891
Topic 218,46629
Topic 218,21675
Topic 218,76557
Topic 218,22101
Topic 219,64743
Topic 219,61677
Topic 219,36457
Topic 219,43220
Topic 219,60764
Topic 219,14984
Topic 219,41869
Topic 219,108375
Topic 219,51392
Topic 219,26758
Topic 219,47456
Topic 219,92772
Topic 219,129373
Topic 219,52595
Topic 219,120147
Topic 219,6497
Topic 219,136988
Topic 219,106073
Topic 219,18689
Topic 219,142413
Topic 219,51463
Topic 219,65551
Topic 219,48027
Topic 219,57023
Topic 219,108180
Topic 220,28883
Topic 220,113870
Topic 220,14602
Topic 220,114479
Topic 220,141137
Topic 220,16559
Topic 220,114113
Topic 220,47749
Topic 220,703
Topic 220,58560
Topic 220,2525
Topic 220,3738
Topic 220,144334
Topic 220,6253
Topic 220,69369
Topic 220,9047
Topic 220,14767
Topic 220,84534
Topic 220,18987
Topic 220,27606
Topic 220,42428
Topic 220,45643
Topic 220,44870
Topic 220,55069
Topic 220,8640
Topic 221,36020
Topic 221,145266
Topic 221,26735
Topic 221,17076
Topic 221,11702
Topic 221,41060
Topic 221,14865
Topic 221,83852
Topic 221,59524
Topic 221,25270
Topic 221,48215
Topic 221,34829
Topic 221,79062
Topic 221,65858
Topic 221,98597
Topic 221,5356
Topic 221,46464
Topic 221,47594
Topic 221,93239
Topic 221,66717
Topic 221,144638
Topic 221,12810
Topic 221,106118
Topic 221,37479
Topic 221,91056
Topic 222,76969
Topic 222,34097
Topic 222,16711
Topic 222,85516
Topic 222,45341
Topic 222,63946
Topic 222,69828
Topic 222,56958
Topic 222,47105
Topic 222,139338
Topic 222,148574
Topic 222,142930
Topic 222,116478
Topic 222,77779
Topic 222,17510
Topic 222,27352
Topic 222,51551
Topic 222,107466
Topic 222,98652
Topic 222,110351
Topic 222,48401
Topic 222,115984
Topic 222,76848
Topic 222,13835
Topic 222,109073
Topic 223,35186
Topic 223,68004
Topic 223,34097
Topic 223,70368
Topic 223,38178
Topic 223,48401
Topic 223,114479
Topic 223,39051
Topic 223,148574
Topic 223,40968
Topic 223,79732
Topic 223,78899
Topic 223,96491
Topic 223,144357
Topic 223,40926
Topic 223,47105
Topic 223,34736
Topic 223,65510
Topic 223,67867
Topic 223,6786
Topic 223,85622
Topic 223,144651
Topic 223,31840
Topic 223,113870
Topic 223,120698
Topic 224,45881
Topic 224,44270
Topic 224,42242
Topic 224,29269
Topic 224,70069
Topic 224,2525
Topic 224,74505
Topic 224,33816
Topic 224,95020
Topic 224,143720
Topic 224,66827
Topic 224,22227
Topic 224,41484
Topic 224,43802
Topic 224,64244
Topic 224,24896
Topic 224,91734
Topic 224,24567
Topic 224,89261
Topic 224,20956
Topic 224,77425
Topic 224,72785
Topic 224,34097
Topic 224,41622
Topic 224,35851
Topic 225,93374
Topic 225,68014
Topic 225,29672
Topic 225,26514
Topic 225,67231
Topic 225,36104
Topic 225,100232
Topic 225,10141
Topic 225,63271
Topic 225,19836
Topic 225,98451
Topic 225,70178
Topic 225,114640
Topic 225,112060
Topic 225,8399
Topic 225,46253
Topic 225,24427
Topic 225,84886
Topic 225,142833
Topic 225,53289
Topic 225,23291
Topic 225,73792
Topic 225,70250
Topic 225,86337
Topic 225,23251
Topic 226,145266
Topic 226,148076
Topic 226,39920
Topic 226,31553
Topic 226,83852
Topic 226,61969
Topic 226,149617
Topic 226,76759
Topic 226,56008
Topic 226,40794
Topic 226,12810
Topic 226,22574
Topic 226,103442
Topic 226,68415
Topic 226,100078
Topic 226,46464
Topic 226,81585
Topic 226,50324
Topic 226,68041
Topic 226,85872
Topic 226,28249
Topic 226,74910
Topic 226,8404
Topic 226,18377
Topic 226,69687
Topic 227,42147
Topic 227,42633
Topic 227,93296
Topic 227,93374
Topic 227,34488
Topic 227,21433
Topic 227,68014
Topic 227,67231
Topic 227,81293
Topic 227,46618
Topic 227,146301
Topic 227,59571
Topic 227,10141
Topic 227,70499
Topic 227,29376
Topic 227,91329
Topic 227,1174
Topic 227,88156
Topic 227,87556
Topic 227,53289
Topic 227,84587
Topic 227,3022
Topic 227,26013
Topic 227,12189
Topic 227,35207
Topic 228,75098
Topic 228,19311
Topic 228,13095
Topic 228,97244
Topic 228,79062
Topic 228,64217
Topic 228,63384
Topic 228,53753
Topic 228,46179
Topic 228,27966
Topic 228,77042
Topic 228,15556
Topic 228,105567
Topic 228,124043
Topic 228,35349
Topic 228,87859
Topic 228,55585
Topic 228,5672
Topic 228,48114
Topic 228,114916
Topic 228,35552
Topic 228,64721
Topic 228,91058
Topic 228,110004
Topic 228,46413
Topic 229,77806
Topic 229,4324
Topic 229,75636
Topic 229,105472
Topic 229,98712
Topic 229,126397
Topic 229,44563
Topic 229,84598
Topic 229,86341
Topic 229,13463
Topic 229,100191
Topic 229,58378
Topic 229,67057
Topic 229,70713
Topic 229,62339
Topic 229,5678
Topic 229,48290
Topic 229,78730
Topic 229,91023
Topic 229,98709
Topic 229,5698
Topic 229,48557
Topic 229,106265
Topic 229,8432
Topic 229,29685
Topic 230,37774
Topic 230,13822
Topic 230,9797
Topic 230,32504
Topic 230,108946
Topic 230,117693
Topic 230,20756
Topic 230,90286
Topic 230,50754
Topic 230,67727
Topic 230,22178
Topic 230,50987
Topic 230,132042
Topic 230,109406
Topic 230,142993
Topic 230,12607
Topic 230,46327
Topic 230,96220
Topic 230,7458
Topic 230,32880
Topic 230,97857
Topic 230,66657
Topic 230,72502
Topic 230,72507
Topic 230,13183
Topic 231,64217
Topic 231,84156
Topic 231,75098
Topic 231,21636
Topic 231,34829
Topic 231,105173
Topic 231,46873
Topic 231,79062
Topic 231,19311
Topic 231,70103
Topic 231,16955
Topic 231,35349
Topic 231,943
Topic 231,53753
Topic 231,50324
Topic 231,85361
Topic 231,71148
Topic 231,9996
Topic 231,62559
Topic 231,77042
Topic 231,63384
Topic 231,105567
Topic 231,20766
Topic 231,114916
Topic 231,46179
Topic 232,143150
Topic 232,22961
Topic 232,65389
Topic 232,20606
Topic 232,46873
Topic 232,49866
Topic 232,31241
Topic 232,70871
Topic 232,87270
Topic 232,47226
Topic 232,70581
Topic 232,82887
Topic 232,19827
Topic 232,70499
Topic 232,2757
Topic 232,139582
Topic 232,67792
Topic 232,13793
Topic 232,104574
Topic 232,105869
Topic 232,20111
Topic 232,77985
Topic 232,67322
Topic 232,94046
Topic 232,95628
Topic 233,44296
Topic 233,41124
Topic 233,65786
Topic 233,100757
Topic 233,10539
Topic 233,64924
Topic 233,101593
Topic 233,8997
Topic 233,80286
Topic 233,118703
Topic 233,92886
Topic 233,62508
Topic 233,52009
Topic 233,115162
Topic 233,70581
Topic 233,46953
Topic 233,66909
Topic 233,52724
Topic 233,148117
Topic 233,88782
Topic 233,134615
Topic 233,111664
Topic 233,104651
Topic 233,3167
Topic 233,14579
Topic 234,88782
Topic 234,48865
Topic 234,33282
Topic 234,7759
Topic 234,143167
Topic 234,84089
Topic 234,144252
Topic 234,91333
Topic 234,106700
Topic 234,52663
Topic 234,131109
Topic 234,138980
Topic 234,34982
Topic 234,136135
Topic 234,23192
Topic 234,57520
Topic 234,1982
Topic 234,113763
Topic 234,101049
Topic 234,112494
Topic 234,60057
Topic 234,22888
Topic 234,32504
Topic 234,110906
Topic 234,141946
Topic 235,116258
Topic 235,32793
Topic 235,16788
Topic 235,64009
Topic 235,46920
Topic 235,85199
Topic 235,101593
Topic 235,5813
Topic 235,78110
Topic 235,1543
Topic 235,48256
Topic 235,23260
Topic 235,13962
Topic 235,3137
Topic 235,79276
Topic 235,134312
Topic 235,59095
Topic 235,147470
Topic 235,30839
Topic 235,145867
Topic 235,27363
Topic 235,143408
Topic 235,54792
Topic 235,17753
Topic 235,20651
Topic 236,52009
Topic 236,36428
Topic 236,42797
Topic 236,72055
Topic 236,21452
Topic 236,16756
Topic 236,112291
Topic 236,36337
Topic 236,58755
Topic 236,46036
Topic 236,62339
Topic 236,18438
Topic 236,61597
Topic 236,84475
Topic 236,89848
Topic 236,75812
Topic 236,11501
Topic 236,62906
Topic 236,31204
Topic 236,1853
Topic 236,56792
Topic 236,11263
Topic 236,97754
Topic 236,50403
Topic 236,65869
Topic 237,70343
Topic 237,53138
Topic 237,76234
Topic 237,88169
Topic 237,61023
Topic 237,46198
Topic 237,82965
Topic 237,96032
Topic 237,75812
Topic 237,29552
Topic 237,9353
Topic 237,53356
Topic 237,64217
Topic 237,42797
Topic 237,14488
Topic 237,78453
Topic 237,75058
Topic 237,62339
Topic 237,62817
Topic 237,31204
Topic 237,39630
Topic 237,31256
Topic 237,102195
Topic 237,44428
Topic 237,60084
Topic 238,65085
Topic 238,64009
Topic 238,134312
Topic 238,59749
Topic 238,69812
Topic 238,134615
Topic 238,53068
Topic 238,76425
Topic 238,56196
Topic 238,66950
Topic 238,26013
Topic 238,94712
Topic 238,108563
Topic 238,44368
Topic 238,108474
Topic 238,109416
Topic 238,26165
Topic 238,89971
Topic 238,15033
Topic 238,64778
Topic 238,145414
Topic 238,28223
Topic 238,61664
Topic 238,144021
Topic 238,109563
Topic 239,57385
Topic 239,135139
Topic 239,46294
Topic 239,69080
Topic 239,119893
Topic 239,36428
Topic 239,31336
Topic 239,119303
Topic 239,69412
Topic 239,101890
Topic 239,14674
Topic 239,23722
Topic 239,64846
Topic 239,92377
Topic 239,56389
Topic 239,90859
Topic 239,144571
Topic 239,32748
Topic 239,4263
Topic 239,42797
Topic 239,29737
Topic 239,31204
Topic 239,65869
Topic 239,107478
Topic 239,146431
Topic 240,36428
Topic 240,114372
Topic 240,84475
Topic 240,31204
Topic 240,42797
Topic 240,11263
Topic 240,16756
Topic 240,88496
Topic 240,89848
Topic 240,65869
Topic 240,56212
Topic 240,74004
Topic 240,20809
Topic 240,23636
Topic 240,19073
Topic 240,70426
Topic 240,21957
Topic 240,69901
Topic 240,69114
Topic 240,36337
Topic 240,24211
Topic 240,52009
Topic 240,10592
Topic 240,117803
Topic 240,92583
Topic 241,23752
Topic 241,8128
Topic 241,24655
Topic 241,1746
Topic 241,88538
Topic 241,9365
Topic 241,47993
Topic 241,105769
Topic 241,4324
Topic 241,100191
Topic 241,13235
Topic 241,48180
Topic 241,5483
Topic 241,147081
Topic 241,80318
Topic 241,5682
Topic 241,47340
Topic 241,103414
Topic 241,33247
Topic 241,28804
Topic 241,78789
Topic 241,72498
Topic 241,24670
Topic 241,72506
Topic 241,54225
Topic 242,147411
Topic 242,34978
Topic 242,142541
Topic 242,140164
Topic 242,144021
Topic 242,23321
Topic 242,148134
Topic 242,69812
Topic 242,12142
Topic 242,148124
Topic 242,112482
Topic 242,4602
Topic 242,45551
Topic 242,53068
Topic 242,4888
Topic 242,56441
Topic 242,67929
Topic 242,17678
Topic 242,18665
Topic 242,137863
Topic 242,28223
Topic 242,109908
Topic 242,142841
Topic 242,66409
Topic 242,45347
Topic 243,24944
Topic 243,20692
Topic 243,9004
Topic 243,35581
Topic 243,20730
Topic 243,62418
Topic 243,142804
Topic 243,20971
Topic 243,109916
Topic 243,26253
Topic 243,23528
Topic 243,15012
Topic 243,93791
Topic 243,46126
Topic 243,108782
Topic 243,47709
Topic 243,47022
Topic 243,69113
Topic 243,17837
Topic 243,22085
Topic 243,146152
Topic 243,77765
Topic 243,23161
Topic 243,70927
Topic 243,65869
Topic 244,145136
Topic 244,102195
Topic 244,69845
Topic 244,51496
Topic 244,52050
Topic 244,68259
Topic 244,36944
Topic 244,55206
Topic 244,119355
Topic 244,56143
Topic 244,47660
Topic 244,69863
Topic 244,5921
Topic 244,72367
Topic 244,36754
Topic 244,42752
Topic 244,13415
Topic 244,58104
Topic 244,73301
Topic 244,130980
Topic 244,62110
Topic 244,99886
Topic 244,19818
Topic 244,14503
Topic 244,118146
Topic 245,8537
Topic 245,20510
Topic 245,12847
Topic 245,83310
Topic 245,76126
Topic 245,110566
Topic 245,91470
Topic 245,32860
Topic 245,22445
Topic 245,46028
Topic 245,98395
Topic 245,149635
Topic 245,57593
Topic 245,86278
Topic 245,70422
Topic 245,103839
Topic 245,16175
Topic 245,82106
Topic 245,90584
Topic 245,47009
Topic 245,16099
Topic 245,143392
Topic 245,96019
Topic 245,38153
Topic 245,3628
Topic 246,140164
Topic 246,148134
Topic 246,54057
Topic 246,33033
Topic 246,141443
Topic 246,40863
Topic 246,31850
Topic 246,62203
Topic 246,29965
Topic 246,60938
Topic 246,21127
Topic 246,49286
Topic 246,67457
Topic 246,85928
Topic 246,70141
Topic 246,111698
Topic 246,114555
Topic 246,34342
Topic 246,67678
Topic 246,87127
Topic 246,102264
Topic 246,41477
Topic 246,39685
Topic 246,88772
Topic 246,107851
Topic 247,140164
Topic 247,148134
Topic 247,46036
Topic 247,34321
Topic 247,141443
Topic 247,54057
Topic 247,97858
Topic 247,33033
Topic 247,141966
Topic 247,62203
Topic 247,141760
Topic 247,72367
Topic 247,114006
Topic 247,31850
Topic 247,143696
Topic 247,60272
Topic 247,44003
Topic 247,38326
Topic 247,41477
Topic 247,41783
Topic 247,111862
Topic 247,57769
Topic 247,66364
Topic 247,63469
Topic 247,40797
Topic 248,54568
Topic 248,148130
Topic 248,16577
Topic 248,97795
Topic 248,80583
Topic 248,18461
Topic 248,42475
Topic 248,80490
Topic 248,70758
Topic 248,89098
Topic 248,106683
Topic 248,96945
Topic 248,108387
Topic 248,111275
Topic 248,19069
Topic 248,127333
Topic 248,46824
Topic 248,141136
Topic 248,64888
Topic 248,46317
Topic 248,35251
Topic 248,96879
Topic 248,63990
Topic 248,92001
Topic 248,127329
Topic 249,17133
Topic 249,101967
Topic 249,16756
Topic 249,12107
Topic 249,9510
Topic 249,64718
Topic 249,45090
Topic 249,53341
Topic 249,106450
Topic 249,129916
Topic 249,68121
Topic 249,65274
Topic 249,68054
Topic 249,76749
Topic 249,18290
Topic 249,29193
Topic 249,68234
Topic 249,71978
Topic 249,17714
Topic 249,7771
Topic 249,18770
Topic 249,32384
Topic 249,66631
Topic 249,2685
Topic 249,50996
